"3rd-generation EGFR TKIs + antiangiogenesis",".",".",".",".",".",".",".","8.95 (1.58 to  50.67)",".",".",".",".",".",".",".","."
"2.30 (0.12 to   45.17)","Antiangiogenesis",".",".",".",".",".",".",".",".",".","5.53 (0.63 to  48.29)",".",".",".",".","."
"3.82 (0.58 to   25.22)","1.66 (0.13 to   20.96)","3rd-generation EGFR TKIs + chemotherapy",".",".",".",".",".","2.34 (1.11 to   4.95)",".",".",".",".",".",".",".","."
"4.12 (0.09 to  186.05)","1.79 (0.04 to   86.72)","1.08 (0.03 to   34.82)","1st-generation EGFR TKIs + MMP inhibitor",".",".",".",".",".",".",".","3.08 (0.12 to  76.92)",".",".",".",".","."
"4.19 (0.09 to  188.59)","1.82 (0.04 to   87.91)","1.10 (0.03 to   35.28)","1.02 (0.01 to   95.91)","1st-generation EGFR TKIs + PARP inhibitor",".",".",".",".",".",".","3.03 (0.12 to  75.44)",".",".",".",".","."
"5.69 (0.45 to   71.89)","2.48 (0.18 to   34.65)","1.49 (0.20 to   10.97)","1.38 (0.04 to   48.16)","1.36 (0.04 to   47.25)","1st-generation EGFR TKIs + IGF-1R inhibitor",".",".",".",".",".","2.23 (0.50 to  10.04)",".",".",".",".","."
"4.96 (0.13 to  194.55)","2.16 (0.05 to   90.91)","1.30 (0.05 to   35.90)","1.20 (0.01 to  101.24)","1.18 (0.01 to   99.39)","0.87 (0.03 to   26.09)","1st-generation EGFR TKIs + HER3 inhibitor",".",".",".",".","2.56 (0.12 to  54.10)",".",".",".",".","."
"8.69 (0.96 to   78.96)","3.78 (0.37 to   38.61)","2.27 (0.48 to   10.80)","2.11 (0.08 to   58.57)","2.08 (0.07 to   57.46)","1.53 (0.27 to    8.53)","1.75 (0.07 to   41.43)","1st-generation EGFR TKIs + antiangiogenesis",".",".",".","1.46 (0.63 to   3.38)",".",".",".",".","."
"8.95 (1.58 to   50.67)","3.90 (0.35 to   43.89)","2.34 (1.11 to    4.95)","2.17 (0.07 to   64.69)","2.14 (0.07 to   63.46)","1.57 (0.25 to   10.02)","1.81 (0.07 to   45.92)","1.03 (0.26 to    4.04)","3rd-generation EGFR TKIs","2.46 (0.12 to  51.58)",".","2.76 (0.69 to  11.08)","1.84 (0.36 to   9.41)",".",".","0.85 (0.20 to   3.62)","."
"10.12 (0.85 to  120.23)","4.40 (0.29 to   66.44)","2.65 (0.39 to   18.04)","2.46 (0.07 to   90.58)","2.42 (0.07 to   88.88)","1.78 (0.19 to   16.37)","2.04 (0.06 to   64.93)","1.16 (0.19 to    7.30)","1.13 (0.19 to    6.61)","Chemotherapy",".","0.97 (0.10 to   9.39)",".","6.39 (0.26 to 158.01)",".",".","."
"12.84 (1.23 to  133.95)","5.59 (0.48 to   65.08)","3.36 (0.59 to   19.29)","3.12 (0.10 to   95.02)","3.07 (0.10 to   93.22)","2.26 (0.34 to   15.01)","2.59 (0.10 to   67.52)","1.48 (0.36 to    6.14)","1.43 (0.30 to    6.96)","1.27 (0.17 to    9.37)","1st-generation EGFR TKIs + MET inhibitor","0.99 (0.31 to   3.13)",".",".",".",".","."
"12.70 (1.65 to   97.86)","5.53 (0.63 to   48.29)","3.32 (0.89 to   12.36)","3.08 (0.12 to   76.92)","3.03 (0.12 to   75.44)","2.23 (0.50 to   10.04)","2.56 (0.12 to   54.10)","1.46 (0.63 to    3.38)","1.42 (0.48 to    4.18)","1.26 (0.25 to    6.43)","0.99 (0.31 to    3.13)","1st-generation EGFR TKIs",".","1.19 (0.36 to   3.94)","1.53 (0.33 to   6.99)","3.43 (0.72 to  16.33)","9.00 (0.27 to 299.86)"
"16.51 (1.53 to  178.21)","7.18 (0.39 to  133.06)","4.32 (0.72 to   25.96)","4.01 (0.09 to  172.87)","3.94 (0.09 to  169.64)","2.90 (0.25 to   34.17)","3.33 (0.09 to  124.71)","1.90 (0.23 to   15.93)","1.84 (0.36 to    9.41)","1.63 (0.15 to   18.06)","1.29 (0.13 to   12.44)","1.30 (0.18 to    9.18)","3rd-generation EGFR TKIs + Amivantamab",".",".",".","."
"16.36 (1.80 to  148.48)","7.12 (0.65 to   77.98)","4.28 (0.90 to   20.29)","3.97 (0.14 to  115.87)","3.91 (0.13 to  113.67)","2.87 (0.47 to   17.64)","3.30 (0.13 to   82.16)","1.88 (0.51 to    7.02)","1.83 (0.47 to    7.15)","1.62 (0.28 to    9.43)","1.27 (0.27 to    5.92)","1.29 (0.47 to    3.56)","0.99 (0.12 to    8.30)","2nd-generation EGFR TKIs",".","1.51 (0.24 to   9.66)","."
"19.37 (1.52 to  247.41)","8.43 (0.60 to  119.19)","5.07 (0.68 to   37.88)","4.70 (0.13 to  165.20)","4.63 (0.13 to  162.08)","3.40 (0.40 to   28.93)","3.91 (0.13 to  118.16)","2.23 (0.39 to   12.67)","2.16 (0.33 to   13.99)","1.91 (0.21 to   17.87)","1.51 (0.22 to   10.19)","1.53 (0.33 to    6.99)","1.17 (0.10 to   13.98)","1.18 (0.19 to    7.38)","1st-generation EGFR TKIs + chemotherapy",".","."
"18.73 (2.36 to  148.39)","8.15 (0.73 to   91.25)","4.90 (1.26 to   19.03)","4.55 (0.15 to  134.73)","4.47 (0.15 to  132.17)","3.29 (0.52 to   20.79)","3.78 (0.15 to   95.61)","2.16 (0.56 to    8.36)","2.09 (0.67 to    6.48)","1.85 (0.30 to   11.62)","1.46 (0.30 to    7.01)","1.47 (0.51 to    4.28)","1.13 (0.16 to    8.25)","1.14 (0.33 to    3.93)","0.97 (0.15 to    6.20)","Placebo","."
"114.29 (1.98 to 6608.79)","49.73 (0.81 to 3067.70)","29.92 (0.71 to 1264.60)","27.74 (0.24 to 3233.49)","27.30 (0.23 to 3174.73)","20.08 (0.44 to  911.13)","23.06 (0.22 to 2404.67)","13.15 (0.36 to  483.65)","12.76 (0.33 to  500.31)","11.30 (0.24 to  540.60)","8.90 (0.22 to  356.68)","9.00 (0.27 to  299.86)","6.92 (0.12 to  383.35)","6.98 (0.18 to  268.76)","5.90 (0.13 to  269.77)","6.10 (0.16 to  238.27)","1st-generation EGFR TKIs + HGF inhibitor"
