,Afatinib,Afatinib_Cetuximab,Afatinib_HMGCRi,Almonertinib,Amivantamab_Lazertinib,Chemotherapy,Chemotherapy_antiangio,Dacomitinib,DHFRi,Erlotinib,Erlotinib_Autophagyi,Erlotinib_chemotherapy,Erlotinib_HER3i,Erlotinib_HGFi,Erlotinib_IGF_1Ri,Erlotinib_METi,Erlotinib_MMPi,Erlotinib_antiangio,Furmonertinib,Gefitinib,Gefitinib_chemotherapy,Gefitinib_Erlotinib,Lazertinib,Osimertinib,Osimertinib_chemotherapy,Osimertinib_antiangio,PD_L1i,Placebo,Rociletinib,antiangio,Zorifertinib
Afatinib,Afatinib,"-0.513672380721568 (-2.42111781092764, 1.32678435574233)","0.400915907630175 (-1.58537124063239, 2.46395728186389)","-0.384166555280467 (-2.66383827408598, 2.88006102196354)","0.931875200132587 (-1.99657865466505, 4.2749354514725)","0.0145946625896103 (-1.46829800425701, 2.36841073090995)","-23.3987743992243 (-73.50204253261, -2.29971130548302)","-1.02294363857298 (-2.92647487683616, 1.13115252083648)","-0.162434619528886 (-3.13034726804655, 3.07193102451059)","-0.246048986643903 (-1.53800068444765, 1.53066940012673)","-0.210670995201799 (-3.15675367995925, 2.99962657339987)","0.452820362643898 (-1.6045233535276, 3.17483549017684)","-0.121881741035401 (-2.66821240534676, 3.03629424232204)","-33.2929256504102 (-100.78715932546, -2.41652929562332)","-0.563290589996782 (-2.30385450809325, 2.27445759179255)","0.650632408114583 (-1.14044618476435, 2.86709112815907)","-1.15583543002006 (-5.02324473071994, 2.33941075358823)","-0.605549571478489 (-2.093010084501, 1.51997833992424)","-0.281544236699229 (-2.60960321909002, 3.01392742074691)","-0.400333712858753 (-2.34121112725229, 2.26874548585661)","0.0485514243562734 (-2.89563623353117, 3.92596209747385)","-0.588322570316717 (-2.84919527547796, 2.17055392136905)","0.577102738978794 (-2.49430748594899, 3.80134891235603)","0.298794320274691 (-1.4695161800372, 2.42716930593573)","0.758469462651126 (-1.23165549725233, 3.89993442276206)","1.1787158075805 (-0.917572191520811, 3.74044548321927)","-29.6283843596101 (-101.885055800217, -1.52666401623212)","-1.22907341155182 (-2.93210717250717, 0.432285966262106)","1.98290155901392 (-0.0830182082106917, 4.6940057840199)","2.02722589570452 (0.286249363141811, 5.14364313630813)","-0.465209608356275 (-3.13771273244664, 2.80888787902142)"
Afatinib_Cetuximab,"0.513672380721568 (-1.32678435574233, 2.42111781092764)",Afatinib_Cetuximab,"0.915399069530553 (-1.7674930902749, 3.73470900731582)","0.130608996549448 (-2.72898557429703, 4.01224818799207)","1.44751500153951 (-1.95791768391401, 5.28312286901139)","0.514251209680784 (-1.6630447308709, 3.69444459153284)","-22.9307934880135 (-73.1359971450718, -1.61101219230669)","-0.521647714954776 (-3.11150959331495, 2.40191944504732)","0.350736037873059 (-3.09256467186317, 4.17803244129781)","0.25669237655518 (-1.86261835733857, 2.98893996470109)","0.298549962290074 (-3.09228957232219, 4.14643944312471)","0.953902188078406 (-1.71327367039985, 4.39742424949156)","0.395535481966154 (-2.67881773888937, 4.11027722766051)","-32.8205984840097 (-100.292369686932, -1.82105386939332)","-0.048711753374516 (-2.43541753411094, 3.48772466133121)","1.16089370298189 (-1.31633106794754, 4.16457404562558)","-0.662688454989296 (-4.87022219587009, 3.37038609690209)","-0.0974670472719736 (-2.33407441684346, 2.86700268403104)","0.225609327023422 (-2.64178364345515, 4.10844785721512)","0.103944352410865 (-2.43529929986523, 3.54221168443192)","0.557711113950767 (-2.79272098659625, 4.92237723679046)","-0.0789148104839111 (-2.92107267041054, 3.34590980258685)","1.09685959141006 (-2.42301434464501, 4.85259427926651)","0.80231862867594 (-1.64218252820199, 3.76305517474911)","1.26994170304194 (-1.289101129462, 5.03290951512716)","1.69564589808023 (-1.04237738078382, 4.96611942210391)","-29.1415951014175 (-101.381818446119, -0.988319927860409)","-0.734025831759148 (-3.16493459198734, 1.84686418717779)","2.50473419256608 (-0.189808752764861, 5.88340388401988)","2.55095106604825 (0.206611321836629, 6.33574982067616)","0.0528139336760259 (-3.15738697082292, 3.85873758450241)"
Afatinib_HMGCRi,"-0.400915907630175 (-2.46395728186389, 1.58537124063239)","-0.915399069530553 (-3.73470900731582, 1.7674930902749)",Afatinib_HMGCRi,"-0.787131618386857 (-3.77670599411744, 3.07498593841555)","0.514414070331583 (-2.98396107715377, 4.43298745646194)","-0.395555870929446 (-2.78347055239771, 2.84183116108818)","-23.7637867608811 (-73.9928456516751, -2.51223830560261)","-1.43986191260223 (-4.19998759422017, 1.55289578938356)","-0.572784063021109 (-4.12186521176769, 3.2975545326427)","-0.651810243462831 (-2.96939609645281, 2.12127321367816)","-0.627857280939718 (-4.1653742146907, 3.23241752198085)","0.0404751105009371 (-2.79495962902056, 3.50926809869305)","-0.52112355678375 (-3.73870686901032, 3.22996122194612)","-33.6995572409301 (-101.088567938729, -2.76119851132198)","-0.962350024939357 (-3.52786016676084, 2.63250414177304)","0.252620456526876 (-2.42361370250749, 3.28070279760132)","-1.59163924958699 (-5.86203815503815, 2.47521487978103)","-1.00909949964999 (-3.44211706033257, 1.97079913591557)","-0.694079391351202 (-3.72568473922971, 3.22623326898052)","-0.805547164933114 (-3.52775541246061, 2.61764488996065)","-0.375474918707934 (-3.86503888414411, 4.03601809843007)","-0.993699290887125 (-3.99460403302958, 2.42595037112769)","0.165229118507488 (-3.48209545223929, 3.95724265403044)","-0.118922557845399 (-2.73370740774526, 2.88297171884801)","0.353678130094063 (-2.38783261871185, 4.20322792360219)","0.763574317885641 (-2.07610132915932, 4.07553967642019)","-30.0659489634476 (-102.303795850164, -1.83720596219791)","-1.64492849936997 (-4.25489758065201, 0.990811555750533)","1.58186915991235 (-1.2609578638409, 4.99902629708253)","1.62680401047213 (-0.899257410279948, 5.45490134586545)","-0.863710290076008 (-4.19901047782819, 2.92573728295294)"
Almonertinib,"0.384166555280467 (-2.88006102196354, 2.66383827408598)","-0.130608996549448 (-4.01224818799207, 2.72898557429703)","0.787131618386857 (-3.07498593841555, 3.77670599411744)",Almonertinib,"1.29571346371784 (-2.46862571021315, 4.72264053468836)","0.390056356886668 (-1.88161285475827, 2.71013816004953)","-23.117080228298 (-73.3501219199829, -1.72035414233841)","-0.639554205563912 (-3.90157038821067, 1.83028025749307)","0.183751776437406 (-3.60145023320036, 3.56328404762757)","0.129964823125258 (-2.48887395545479, 2.31788204700691)","0.14669459769505 (-3.6220114410927, 3.57554932287745)","0.803591874871001 (-2.16294147459985, 3.67186060840598)","0.251344316631001 (-3.24318053511996, 3.53768887450318)","-33.0169829653964 (-100.402925313478, -2.07125092985645)","-0.170214756327583 (-2.9428871161315, 2.65522520542123)","1.04234598029359 (-2.00642113214892, 3.51807897530577)","-0.829681773009021 (-5.3846060737062, 2.82244676642046)","-0.217791755671754 (-2.93785612963043, 2.14998132896879)","0.10343332809774 (-2.19778139002465, 2.37874467371411)","-0.044706368455262 (-1.64522049845791, 1.55894027540138)","0.38187166402675 (-2.22879393944708, 3.41255383818569)","-0.189248255035903 (-3.58904866373557, 2.57680208547749)","0.907517294065047 (-2.72999918483328, 4.27122314581581)","0.670595925376443 (-2.25085102681633, 3.06843325433021)","1.14802538090997 (-1.69692787605151, 4.12143146806833)","1.56256138155527 (-1.66080062175574, 4.23058590535566)","-29.2712912194668 (-101.584772527884, -1.17666460002413)","-0.870099713870446 (-4.02160969322507, 1.41743942081988)","2.37327038925513 (-0.834390405461513, 5.16768094203203)","2.39331794430558 (0.187765929633441, 5.23163845464154)","-0.0509395601673423 (-3.83842966517833, 3.08060390425876)"
Amivantamab_Lazertinib,"-0.931875200132587 (-4.2749354514725, 1.99657865466505)","-1.44751500153951 (-5.28312286901139, 1.95791768391401)","-0.514414070331583 (-4.43298745646194, 2.98396107715377)","-1.29571346371784 (-4.72264053468836, 2.46862571021315)",Amivantamab_Lazertinib,"-0.888644675681009 (-3.78935806765564, 2.19650689733864)","-24.2569224274589 (-74.5034851510231, -3.10416994130073)","-1.94238725566289 (-5.33582955843592, 1.16354023618282)","-1.10637102145701 (-5.09525397109957, 2.88526938454039)","-1.15556293536787 (-4.18070554056577, 1.7508854835219)","-1.15398190307211 (-5.13388331044936, 2.80376788977417)","-0.468468496125702 (-3.82672056838963, 3.01611521182368)","-1.04138790813236 (-4.82908216404679, 2.84813810995606)","-34.2242712362281 (-101.451885493631, -3.16763014936119)","-1.4491893370682 (-4.68638545386509, 2.1032112873625)","-0.257857229533957 (-3.5770208466808, 2.90189363733662)","-2.1425476991668 (-6.74500296091258, 2.05405778235249)","-1.51192179192621 (-4.62409933437968, 1.56139887247066)","-1.19128136106354 (-4.66499823525037, 2.56289582911904)","-1.32377689346397 (-4.45227749723282, 2.01587012622888)","-0.856220507514048 (-4.6830935884518, 3.38196897987575)","-1.49032363277941 (-4.56354285002952, 1.45868776472873)","-0.323237542150777 (-3.1243360907593, 2.11246780807492)","-0.612539170265176 (-3.30460619070581, 1.86337081861911)","-0.127322757248334 (-2.9531342680114, 3.05474879897282)","0.275311022833836 (-2.68287289923023, 3.05639969725874)","-30.6503569061598 (-103.249595360185, -2.55554746377042)","-2.17001491136895 (-5.23400878473565, 0.50010436223266)","1.07814332707533 (-2.39496227036375, 4.55760687148535)","1.13107826734744 (-1.9431478732492, 4.84413421786253)","-1.36132730554573 (-4.79643750213551, 1.99970973240948)"
Chemotherapy,"-0.0145946625896103 (-2.36841073090995, 1.46829800425701)","-0.514251209680784 (-3.69444459153284, 1.6630447308709)","0.395555870929446 (-2.84183116108818, 2.78347055239771)","-0.390056356886668 (-2.71013816004953, 1.88161285475827)","0.888644675681009 (-2.19650689733864, 3.78935806765564)",Chemotherapy,"-23.4903487690874 (-73.5480533734111, -2.2202550335047)","-1.01223290950945 (-3.37983967787609, 0.507643625173359)","-0.211860727167111 (-3.29890929378958, 2.54293725222181)","-0.251790329248118 (-1.62827223438199, 0.683057192234675)","-0.247488910847855 (-3.3439316638865, 2.49995944882662)","0.427860620796811 (-1.62683725058479, 2.34656615208117)","-0.158289296429663 (-2.88547392731959, 2.45285226061997)","-33.3017178532932 (-100.508289909213, -2.55902711841975)","-0.555328307744718 (-2.37407345163374, 1.31125436114815)","0.650005704623448 (-1.41515573997466, 2.18162205590287)","-1.20788715538082 (-5.22784359510051, 1.80692953322923)","-0.601396941787624 (-2.22515054736476, 0.621931450314377)","-0.294580913937857 (-2.64676600024043, 2.00987711724828)","-0.426696101504076 (-2.17039119833011, 1.22339040521317)","0.0110674500215934 (-2.80216648760528, 3.05752999896482)","-0.572232021602727 (-3.13803522073922, 1.32288547936217)","0.510933120950334 (-2.62352656842488, 3.42419763221633)","0.269156570468328 (-1.56025834438363, 1.64261689916215)","0.750286828807255 (-1.21536609822908, 2.84402572345532)","1.16759214712794 (-1.14357848057749, 2.95637921222185)","-29.69449402827 (-101.976241211566, -1.66066206912682)","-1.25988605009742 (-3.38059509600631, 0.109414119362986)","1.98391054400429 (-0.400556730676889, 3.94653940212662)","2.02587821002736 (0.482936309364662, 4.03089765246292)","-0.434471113100333 (-3.53834504800714, 1.9509805897063)"
Chemotherapy_antiangio,"23.3987743992243 (2.29971130548302, 73.50204253261)","22.9307934880135 (1.61101219230669, 73.1359971450718)","23.7637867608811 (2.51223830560261, 73.9928456516751)","23.117080228298 (1.72035414233841, 73.3501219199829)","24.2569224274589 (3.10416994130073, 74.5034851510231)","23.4903487690874 (2.2202550335047, 73.5480533734111)",Chemotherapy_antiangio,"22.3922921327467 (1.19795525093555, 72.4164118585329)","23.2496939649733 (1.80877789143861, 73.4300483268711)","23.204207637503 (2.02148113287916, 73.256753059289)","23.2276793391353 (1.80719784619315, 73.2749048952512)","23.921581049888 (2.63436530426221, 73.9519660043248)","23.34452487832 (1.95020983649549, 73.4018937480928)","-7.10408911605582 (-76.9244165290695, 43.0994922685181)","22.9489968080937 (1.62846733553434, 72.9666641103296)","24.1175353578772 (2.87526931230753, 74.1409655532984)","22.2227314028945 (0.667894989281188, 72.4112412986221)","22.8403440988636 (1.59734895834307, 72.8515140913524)","23.2304803804677 (1.73452360208488, 73.4273951395903)","23.0756133878417 (1.70709988517884, 73.2641432691154)","23.5974687008055 (1.88142368988159, 73.5422762311512)","22.8240050568795 (1.74789471103782, 72.9526868177427)","23.9272257383907 (2.61411315733036, 74.1285414424547)","23.6710199439403 (2.71080602110403, 73.8554462354584)","24.2651080819654 (3.12608097635945, 74.350617878572)","24.602646273102 (3.5067330516761, 74.7680535870963)","-7.30495409747094 (-82.1787573253372, 57.9278790770638)","22.1414416091921 (1.07140996704278, 72.326004075376)","25.4474527215357 (4.17768497806967, 75.3872045411079)","25.5526075170022 (4.26169648173088, 75.4890863610138)","22.9610465821436 (1.8469122940196, 73.1882680982787)"
Dacomitinib,"1.02294363857298 (-1.13115252083648, 2.92647487683616)","0.521647714954776 (-2.40191944504732, 3.11150959331495)","1.43986191260223 (-1.55289578938356, 4.19998759422017)","0.639554205563912 (-1.83028025749307, 3.90157038821067)","1.94238725566289 (-1.16354023618282, 5.33582955843592)","1.01223290950945 (-0.507643625173359, 3.37983967787609)","-22.3922921327467 (-72.4164118585329, -1.19795525093555)",Dacomitinib,"0.837971881133714 (-2.17328327749732, 4.03430256197623)","0.766407462694723 (-0.582189847776467, 2.48943072484177)","0.812279171951915 (-2.18523525933467, 3.96349268680642)","1.46336422953683 (-0.640958014631581, 4.08740652062175)","0.887298366044625 (-1.71319497496086, 3.9644081577657)","-32.2522574413703 (-99.7499956701893, -1.43624154936626)","0.449985788958928 (-1.31988752242304, 3.1815831020674)","1.67689983662471 (-0.230013988976648, 3.78635816635727)","-0.134248569546463 (-4.13122460696406, 3.27580559035574)","0.409573385731892 (-1.10806863343873, 2.42554287330582)","0.733751789238561 (-1.76835415576294, 4.02299551771544)","0.611253744079407 (-1.5071449557551, 3.31456391651883)","1.06303850182522 (-1.97417385374195, 4.87650498197222)","0.43845688336351 (-2.05055904235309, 3.1718834450786)","1.58737169690388 (-1.61530080611145, 4.87619447900446)","1.31198690633533 (-0.663230082247723, 3.49277834263928)","1.7691719684762 (-0.349329040037657, 4.86895928472819)","2.1991809618936 (-0.120240976000195, 4.75624532915072)","-28.6045163093495 (-100.763433554306, -0.558115640337885)","-0.219796290611431 (-2.14366342662112, 1.51281813735765)","3.0142426637391 (0.820860633540331, 5.58517716547859)","3.03840411395068 (1.30326250896833, 6.06426901959255)","0.569048713923277 (-2.36909119452271, 3.78280052773405)"
DHFRi,"0.162434619528886 (-3.07193102451059, 3.13034726804655)","-0.350736037873059 (-4.17803244129781, 3.09256467186317)","0.572784063021109 (-3.2975545326427, 4.12186521176769)","-0.183751776437406 (-3.56328404762757, 3.60145023320036)","1.10637102145701 (-2.88526938454039, 5.09525397109957)","0.211860727167111 (-2.54293725222181, 3.29890929378958)","-23.2496939649733 (-73.4300483268711, -1.80877789143861)","-0.837971881133714 (-4.03430256197623, 2.17328327749732)",DHFRi,"-0.0605160990081996 (-2.70534995055741, 2.6368860712086)","-0.0363973441758381 (-3.83873940342469, 3.73400114656292)","0.642023711565924 (-2.48534778464729, 3.95262300716233)","0.0581190854394495 (-3.40037568378123, 3.75433788956318)","-33.2456672808246 (-100.378451121415, -2.10693428777133)","-0.345569987816631 (-3.24105491577031, 2.92896374293278)","0.846273811998384 (-2.16513763930636, 3.81239685133328)","-1.01213483575204 (-5.62061044301762, 3.00935025298407)","-0.410601106760527 (-3.1850584592144, 2.4461250312917)","-0.0837998907004026 (-3.49854019562927, 3.69642898429102)","-0.220564725075883 (-3.28543898173558, 3.15576131912717)","0.226139109676383 (-3.55995857690258, 4.52843320380681)","-0.396435404511259 (-3.93227113029246, 3.05082325790036)","0.741830310578796 (-3.28623796128448, 4.64319033350381)","0.477228118500265 (-2.66867035695846, 3.5766490833665)","0.970062667185881 (-2.23061860340685, 4.6366295848302)","1.36551867584434 (-1.99590107162972, 4.69013003616837)","-29.4410984728746 (-101.808057327565, -1.22528281644095)","-1.07127642492005 (-4.22502563062675, 1.84924548957125)","2.17843055269171 (-0.998614653601122, 5.4576574135959)","2.25632902315692 (-0.611546722967258, 5.72749151493215)","-0.263389055496145 (-4.12276730774074, 3.52637025987541)"
Erlotinib,"0.246048986643903 (-1.53066940012673, 1.53800068444765)","-0.25669237655518 (-2.98893996470109, 1.86261835733857)","0.651810243462831 (-2.12127321367816, 2.96939609645281)","-0.129964823125258 (-2.31788204700691, 2.48887395545479)","1.15556293536787 (-1.7508854835219, 4.18070554056577)","0.251790329248118 (-0.683057192234675, 1.62827223438199)","-23.204207637503 (-73.256753059289, -2.02148113287916)","-0.766407462694723 (-2.48943072484177, 0.582189847776467)","0.0605160990081996 (-2.6368860712086, 2.70534995055741)",Erlotinib,"0.0243995134583633 (-2.70801338799138, 2.68758040294765)","0.68430035687175 (-1.00769032227053, 2.59166262781582)","0.100982556238012 (-2.14730994074711, 2.65179475332215)","-33.0563729670357 (-100.370826406351, -2.30566368748186)","-0.318228025173866 (-1.58018056673472, 1.54162082247658)","0.897348661465428 (-0.483891390075081, 2.19894726606875)","-0.908636117515386 (-4.70839371954793, 2.0020744318082)","-0.358306654828348 (-1.17608165929244, 0.570595859397666)","-0.0385258166621328 (-2.25141028579601, 2.61766051489781)","-0.154380067348048 (-1.87827233359222, 1.78522699331416)","0.283800908364654 (-2.50192668727857, 3.61208197166716)","-0.329179949017376 (-2.6324351007211, 1.82394076608303)","0.791754001165891 (-2.17979697359276, 3.73854124449789)","0.53692599155079 (-1.08604216732401, 2.06615750505804)","1.00546681142816 (-0.817777215211659, 3.45699051918484)","1.43247320819676 (-0.638420408360437, 3.39872717815529)","-29.418642588691 (-101.700347863672, -1.41584132767986)","-0.998618518007415 (-2.62617020608135, 0.217532230994891)","2.23340603179093 (0.43998169111203, 4.08791859983465)","2.27841893411129 (1.03602084529451, 4.42916302838029)","-0.191992326230944 (-2.98894704156922, 2.47047074934882)"
Erlotinib_Autophagyi,"0.210670995201799 (-2.99962657339987, 3.15675367995925)","-0.298549962290074 (-4.14643944312471, 3.09228957232219)","0.627857280939718 (-3.23241752198085, 4.1653742146907)","-0.14669459769505 (-3.57554932287745, 3.6220114410927)","1.15398190307211 (-2.80376788977417, 5.13388331044936)","0.247488910847855 (-2.49995944882662, 3.3439316638865)","-23.2276793391353 (-73.2749048952512, -1.80719784619315)","-0.812279171951915 (-3.96349268680642, 2.18523525933467)","0.0363973441758381 (-3.73400114656292, 3.83873940342469)","-0.0243995134583633 (-2.68758040294765, 2.70801338799138)",Erlotinib_Autophagyi,"0.659153807486454 (-2.43368379909401, 4.03134582969607)","0.10326513786876 (-3.46585804181357, 3.79761627601551)","-33.0941438681546 (-100.600054746456, -2.09174878601881)","-0.31320929331031 (-3.20207518741078, 3.009262812339)","0.875757004887681 (-2.11205735319328, 3.87141570417737)","-0.963414150524018 (-5.57109937440321, 3.04801619517226)","-0.371722108018833 (-3.14853828314364, 2.49832695788807)","-0.0449461711286878 (-3.498470404591, 3.75305170933352)","-0.182839120436792 (-3.29763779644841, 3.21449428039038)","0.269400389709683 (-3.53179609743777, 4.5471462609644)","-0.357981230349545 (-3.86316684766175, 3.09845724438935)","0.786039714207968 (-3.2221033644284, 4.7545309129128)","0.517747697751253 (-2.6111540612436, 3.602404745828)","1.0089353944498 (-2.20715230146448, 4.67472123330983)","1.40709841843596 (-1.96327573020872, 4.75138406493349)","-29.4564241040125 (-101.756711504647, -1.21412811932639)","-1.03381193555911 (-4.19711261658555, 1.88608685965351)","2.22690545680864 (-0.947355538930234, 5.48468604890825)","2.29292598413928 (-0.566081826694544, 5.80797922831315)","-0.223221993150849 (-4.06278460146255, 3.56496260563333)"
Erlotinib_chemotherapy,"-0.452820362643898 (-3.17483549017684, 1.6045233535276)","-0.953902188078406 (-4.39742424949156, 1.71327367039985)","-0.0404751105009371 (-3.50926809869305, 2.79495962902056)","-0.803591874871001 (-3.67186060840598, 2.16294147459985)","0.468468496125702 (-3.01611521182368, 3.82672056838963)","-0.427860620796811 (-2.34656615208117, 1.62683725058479)","-23.921581049888 (-73.9519660043248, -2.63436530426221)","-1.46336422953683 (-4.08740652062175, 0.640958014631581)","-0.642023711565924 (-3.95262300716233, 2.48534778464729)","-0.68430035687175 (-2.59166262781582, 1.00769032227053)","-0.659153807486454 (-4.03134582969607, 2.43368379909401)",Erlotinib_chemotherapy,"-0.579777889841548 (-3.58562600366877, 2.45339629691141)","-33.7284134874795 (-101.01488306111, -2.88822631663864)","-0.979238156682787 (-3.20951449072347, 1.48037901538908)","0.218584370799304 (-2.20282871824579, 2.29051939919163)","-1.62793069458339 (-5.83761863510554, 1.71838522908862)","-1.03804103755598 (-3.11770918028833, 0.876844925705293)","-0.701003638213618 (-3.6241365474589, 2.27574060265041)","-0.846273841313494 (-3.31391678016706, 1.64995848149648)","-0.405222319664704 (-3.67436581152325, 3.18985154099496)","-1.01187400189072 (-4.00096285975067, 1.60791350465377)","0.105264483473959 (-3.43161659299064, 3.43341531920016)","-0.1587657181859 (-2.63307355144047, 2.04234820586736)","0.338558868778678 (-2.22881623529562, 3.18105143867552)","0.737346467950476 (-2.06211975546831, 3.23294038736272)","-30.12859696134 (-102.479479745897, -2.02614578571134)","-1.69502374321297 (-4.27814929717852, 0.307726549759264)","1.56335272113781 (-1.08008845035117, 3.9861941226613)","1.60636398101702 (-0.528282880033164, 4.29289194890366)","-0.879955025382435 (-4.29645899160772, 2.12960466500879)"
Erlotinib_HER3i,"0.121881741035401 (-3.03629424232204, 2.66821240534676)","-0.395535481966154 (-4.11027722766051, 2.67881773888937)","0.52112355678375 (-3.22996122194612, 3.73870686901032)","-0.251344316631001 (-3.53768887450318, 3.24318053511996)","1.04138790813236 (-2.84813810995606, 4.82908216404679)","0.158289296429663 (-2.45285226061997, 2.88547392731959)","-23.34452487832 (-73.4018937480928, -1.95020983649549)","-0.887298366044625 (-3.9644081577657, 1.71319497496086)","-0.0581190854394495 (-3.75433788956318, 3.40037568378123)","-0.100982556238012 (-2.65179475332215, 2.14730994074711)","-0.10326513786876 (-3.79761627601551, 3.46585804181357)","0.579777889841548 (-2.45339629691141, 3.58562600366877)",Erlotinib_HER3i,"-33.1195318757036 (-100.436440186291, -2.25477146958556)","-0.40832650079435 (-3.1798621159837, 2.55952013047287)","0.788287480602432 (-2.09795741458061, 3.36448913681576)","-1.0726565277667 (-5.53670024235564, 2.6709177870372)","-0.455895216597113 (-3.12648152957156, 2.00270662909223)","-0.146700355381093 (-3.48189411726347, 3.36164209713676)","-0.284478117803763 (-3.26223433816639, 2.78000242988139)","0.177851724313226 (-3.55654148834224, 4.2188343362643)","-0.444163550199277 (-3.85518926266812, 2.64116485442381)","0.674627656159782 (-3.21529697316894, 4.37154278817327)","0.425912886095946 (-2.59128210829703, 3.15290549657042)","0.904889281704013 (-2.17024698318849, 4.27157842238328)","1.31076132409474 (-1.94491997710372, 4.33316046205359)","-29.5430819530179 (-101.764335007621, -1.39819728859599)","-1.12401447638707 (-4.1664587369061, 1.39756369419431)","2.12947599873527 (-0.948360901019789, 5.03411017510279)","2.19992028769719 (-0.562444429330394, 5.38131307602385)","-0.314415142358531 (-4.03156145812263, 3.17995171839469)"
Erlotinib_HGFi,"33.2929256504102 (2.41652929562332, 100.78715932546)","32.8205984840097 (1.82105386939332, 100.292369686932)","33.6995572409301 (2.76119851132198, 101.088567938729)","33.0169829653964 (2.07125092985645, 100.402925313478)","34.2242712362281 (3.16763014936119, 101.451885493631)","33.3017178532932 (2.55902711841975, 100.508289909213)","7.10408911605582 (-43.0994922685181, 76.9244165290695)","32.2522574413703 (1.43624154936626, 99.7499956701893)","33.2456672808246 (2.10693428777133, 100.378451121415)","33.0563729670357 (2.30566368748186, 100.370826406351)","33.0941438681546 (2.09174878601881, 100.600054746456)","33.7284134874795 (2.88822631663864, 101.01488306111)","33.1195318757036 (2.25477146958556, 100.436440186291)",Erlotinib_HGFi,"32.8094896094026 (2.0119082770318, 100.264101917951)","33.9450106221568 (3.18671745705002, 101.383563752884)","32.0973062834262 (1.0189387020508, 99.3866092967158)","32.6846249723133 (1.95062078479948, 99.9181819522467)","33.1104116313334 (2.17358924649445, 100.401764771907)","32.9943029761078 (2.10310742593146, 100.315948522795)","33.3576447978559 (2.36136118383429, 100.697634338549)","32.8137443647443 (1.77306498625713, 100.016016554431)","33.9556912342179 (2.64028082637683, 101.351185746171)","33.6491069956238 (2.71947105714671, 100.813779303748)","34.1679653152135 (3.24762218437867, 101.501178649194)","34.5511126974661 (3.56444128001274, 101.724923651492)","1.26881914213264 (-73.3036612301523, 74.6509959549854)","32.12069176266 (1.16418258409989, 99.2332468941443)","35.3241320242087 (4.44877505614304, 102.655150908966)","35.3991869930952 (4.61891854381237, 102.733668638679)","32.9231688296653 (1.8654946191811, 100.294802841245)"
Erlotinib_IGF_1Ri,"0.563290589996782 (-2.27445759179255, 2.30385450809325)","0.048711753374516 (-3.48772466133121, 2.43541753411094)","0.962350024939357 (-2.63250414177304, 3.52786016676084)","0.170214756327583 (-2.65522520542123, 2.9428871161315)","1.4491893370682 (-2.1032112873625, 4.68638545386509)","0.555328307744718 (-1.31125436114815, 2.37407345163374)","-22.9489968080937 (-72.9666641103296, -1.62846733553434)","-0.449985788958928 (-3.1815831020674, 1.31988752242304)","0.345569987816631 (-2.92896374293278, 3.24105491577031)","0.318228025173866 (-1.54162082247658, 1.58018056673472)","0.31320929331031 (-3.009262812339, 3.20207518741078)","0.979238156682787 (-1.48037901538908, 3.20951449072347)","0.40832650079435 (-2.55952013047287, 3.1798621159837)","-32.8094896094026 (-100.264101917951, -2.0119082770318)",Erlotinib_IGF_1Ri,"1.21597168673989 (-1.18692596576254, 2.96209240882885)","-0.657765608696308 (-4.7936213616927, 2.49369958976757)","-0.0435468984902253 (-2.05291688469615, 1.48107094863156)","0.262778201554903 (-2.59800017657239, 3.08298910897903)","0.131462551405937 (-2.2262400008122, 2.40095552757267)","0.564989046908031 (-2.58294494853789, 4.00246975407607)","-0.00955060348158798 (-3.15809573007055, 2.34218924872313)","1.08209950536589 (-2.52372676851964, 4.28669746488468)","0.849014385504639 (-1.72504522210924, 2.75218687677465)","1.31815539514308 (-1.24786331445665, 3.92592706481425)","1.74145119343621 (-1.16159398886657, 3.98366056262895)","-29.0839951220741 (-101.436784027859, -1.07063833869576)","-0.682915650788073 (-3.36357860173754, 1.00512385267925)","2.54650912394014 (-0.113524973471761, 4.70759293217286)","2.57149945699311 (0.691029435266398, 4.93281221053954)","0.123232096781505 (-3.43343148543268, 2.88495376461445)"
Erlotinib_METi,"-0.650632408114583 (-2.86709112815907, 1.14044618476435)","-1.16089370298189 (-4.16457404562558, 1.31633106794754)","-0.252620456526876 (-3.28070279760132, 2.42361370250749)","-1.04234598029359 (-3.51807897530577, 2.00642113214892)","0.257857229533957 (-2.90189363733662, 3.5770208466808)","-0.650005704623448 (-2.18162205590287, 1.41515573997466)","-24.1175353578772 (-74.1409655532984, -2.87526931230753)","-1.67689983662471 (-3.78635816635727, 0.230013988976648)","-0.846273811998384 (-3.81239685133328, 2.16513763930636)","-0.897348661465428 (-2.19894726606875, 0.483891390075081)","-0.875757004887681 (-3.87141570417737, 2.11205735319328)","-0.218584370799304 (-2.29051939919163, 2.20282871824579)","-0.788287480602432 (-3.36448913681576, 2.09795741458061)","-33.9450106221568 (-101.383563752884, -3.18671745705002)","-1.21597168673989 (-2.96209240882885, 1.18692596576254)",Erlotinib_METi,"-1.81847220966333 (-5.82339510505452, 1.42467443350984)","-1.25706210782765 (-2.77116231096227, 0.434890547035319)","-0.937524591755426 (-3.46642553786637, 2.12975818111082)","-1.06561016406456 (-3.15758375961029, 1.41372707853704)","-0.621066022577893 (-3.68640347836191, 3.04918077786912)","-1.2348262924938 (-3.83415894927745, 1.35436327862829)","-0.0897143359113987 (-3.35216009963957, 3.12012324841355)","-0.362796038381993 (-2.41771050482125, 1.7038324261425)","0.098954474418051 (-2.09505232703934, 3.01431859606019)","0.529966058335573 (-1.8979066360487, 2.95065720815465)","-30.3467974411411 (-102.505203795298, -2.22323600777499)","-1.90059881700505 (-3.98802519311367, -0.156793343793111)","1.33519689946004 (-0.830715313519242, 3.67115604541775)","1.38590888558683 (-0.353668571038956, 4.06129168664479)","-1.10631936188851 (-4.13678687317275, 1.95007529822405)"
Erlotinib_MMPi,"1.15583543002006 (-2.33941075358823, 5.02324473071994)","0.662688454989296 (-3.37038609690209, 4.87022219587009)","1.59163924958699 (-2.47521487978103, 5.86203815503815)","0.829681773009021 (-2.82244676642046, 5.3846060737062)","2.1425476991668 (-2.05405778235249, 6.74500296091258)","1.20788715538082 (-1.80692953322923, 5.22784359510051)","-22.2227314028945 (-72.4112412986221, -0.667894989281188)","0.134248569546463 (-3.27580559035574, 4.13122460696406)","1.01213483575204 (-3.00935025298407, 5.62061044301762)","0.908636117515386 (-2.0020744318082, 4.70839371954793)","0.963414150524018 (-3.04801619517226, 5.57109937440321)","1.62793069458339 (-1.71838522908862, 5.83761863510554)","1.0726565277667 (-2.6709177870372, 5.53670024235564)","-32.0973062834262 (-99.3866092967158, -1.0189387020508)","0.657765608696308 (-2.49369958976757, 4.7936213616927)","1.81847220966333 (-1.42467443350984, 5.82339510505452)",Erlotinib_MMPi,"0.56742906942658 (-2.44886363794317, 4.46630772833155)","0.934037122453647 (-2.7505508773342, 5.47492706088898)","0.787151193496029 (-2.56441272022968, 5.05626930994877)","1.24852032773408 (-2.81877998085605, 6.25551232896547)","0.619320823954321 (-3.14555614715711, 4.86514194880939)","1.77871285573498 (-2.45612266937456, 6.381554010122)","1.46474394509856 (-1.89863644215688, 5.47906670694163)","1.99253396127163 (-1.48481876068671, 6.36718390870229)","2.36717600077591 (-1.23488309384058, 6.55660567355011)","-28.2729729552428 (-100.701274046488, -0.301787120405968)","-0.0931160260760094 (-3.47805119996946, 3.76372601689596)","3.18567087834325 (-0.247435442187269, 7.30047060976072)","3.27041684404878 (0.122875756973681, 7.62520675973455)","0.755729749365893 (-3.2702657624284, 5.23217668468723)"
Erlotinib_antiangio,"0.605549571478489 (-1.51997833992424, 2.093010084501)","0.0974670472719736 (-2.86700268403104, 2.33407441684346)","1.00909949964999 (-1.97079913591557, 3.44211706033257)","0.217791755671754 (-2.14998132896879, 2.93785612963043)","1.51192179192621 (-1.56139887247066, 4.62409933437968)","0.601396941787624 (-0.621931450314377, 2.22515054736476)","-22.8403440988636 (-72.8515140913524, -1.59734895834307)","-0.409573385731892 (-2.42554287330582, 1.10806863343873)","0.410601106760527 (-2.4461250312917, 3.1850584592144)","0.358306654828348 (-0.570595859397666, 1.17608165929244)","0.371722108018833 (-2.49832695788807, 3.14853828314364)","1.03804103755598 (-0.876844925705293, 3.11770918028833)","0.455895216597113 (-2.00270662909223, 3.12648152957156)","-32.6846249723133 (-99.9181819522467, -1.95062078479948)","0.0435468984902253 (-1.48107094863156, 2.05291688469615)","1.25706210782765 (-0.434890547035319, 2.77116231096227)","-0.56742906942658 (-4.46630772833155, 2.44886363794317)",Erlotinib_antiangio,"0.321788501186055 (-2.08623045249755, 3.06131214313737)","0.191386055975907 (-1.69864638663171, 2.27919419615367)","0.636346722054532 (-2.26055707285425, 4.00290018254852)","0.0230575032896619 (-2.50672990565426, 2.30673318228332)","1.14552579062406 (-2.00720267818311, 4.21114679936346)","0.892378360020885 (-0.98594806005819, 2.61147696371883)","1.36334095205939 (-0.688458280044317, 3.93654461668135)","1.78490907213791 (-0.504124566291561, 3.89180635514289)","-29.0409464615789 (-101.3638065073, -0.99196377433462)","-0.644006368343382 (-2.60619040276854, 0.79049096522879)","2.58725626948526 (0.56130460489796, 4.61069567387978)","2.62575716673212 (1.23702413639066, 4.89521576178386)","0.158707216931584 (-2.83511334288022, 2.90607107721539)"
Furmonertinib,"0.281544236699229 (-3.01392742074691, 2.60960321909002)","-0.225609327023422 (-4.10844785721512, 2.64178364345515)","0.694079391351202 (-3.22623326898052, 3.72568473922971)","-0.10343332809774 (-2.37874467371411, 2.19778139002465)","1.19128136106354 (-2.56289582911904, 4.66499823525037)","0.294580913937857 (-2.00987711724828, 2.64676600024043)","-23.2304803804677 (-73.4273951395903, -1.73452360208488)","-0.733751789238561 (-4.02299551771544, 1.76835415576294)","0.0837998907004026 (-3.69642898429102, 3.49854019562927)","0.0385258166621328 (-2.61766051489781, 2.25141028579601)","0.0449461711286878 (-3.75305170933352, 3.498470404591)","0.701003638213618 (-2.27574060265041, 3.6241365474589)","0.146700355381093 (-3.36164209713676, 3.48189411726347)","-33.1104116313334 (-100.401764771907, -2.17358924649445)","-0.262778201554903 (-3.08298910897903, 2.59800017657239)","0.937524591755426 (-2.12975818111082, 3.46642553786637)","-0.934037122453647 (-5.47492706088898, 2.7505508773342)","-0.321788501186055 (-3.06131214313737, 2.08623045249755)",Furmonertinib,"-0.146474647927564 (-1.77518512608038, 1.51024248207416)","0.280410810061087 (-2.37692999744056, 3.32637609057127)","-0.299278569852564 (-3.67952120765913, 2.54495797445438)","0.812800211047802 (-2.85201909569692, 4.19291364457214)","0.568837640606316 (-2.36300726303504, 3.02116110961249)","1.04137590002589 (-1.81921131048787, 4.07064580402157)","1.45875402750365 (-1.74808919533531, 4.1838714194695)","-29.304215144443 (-101.736710511091, -1.23609383163278)","-0.974931754501256 (-4.1239371115491, 1.39966753405279)","2.27567333134033 (-0.970041774217637, 5.12699076383068)","2.29732511580649 (0.0412846108910891, 5.15432418408456)","-0.157665039200395 (-3.97626195613986, 3.04258529841265)"
Gefitinib,"0.400333712858753 (-2.26874548585661, 2.34121112725229)","-0.103944352410865 (-3.54221168443192, 2.43529929986523)","0.805547164933114 (-2.61764488996065, 3.52775541246061)","0.044706368455262 (-1.55894027540138, 1.64522049845791)","1.32377689346397 (-2.01587012622888, 4.45227749723282)","0.426696101504076 (-1.22339040521317, 2.17039119833011)","-23.0756133878417 (-73.2641432691154, -1.70709988517884)","-0.611253744079407 (-3.31456391651883, 1.5071449557551)","0.220564725075883 (-3.15576131912717, 3.28543898173558)","0.154380067348048 (-1.78522699331416, 1.87827233359222)","0.182839120436792 (-3.21449428039038, 3.29763779644841)","0.846273841313494 (-1.64995848149648, 3.31391678016706)","0.284478117803763 (-2.78000242988139, 3.26223433816639)","-32.9943029761078 (-100.315948522795, -2.10310742593146)","-0.131462551405937 (-2.40095552757267, 2.2262400008122)","1.06561016406456 (-1.41372707853704, 3.15758375961029)","-0.787151193496029 (-5.05626930994877, 2.56441272022968)","-0.191386055975907 (-2.27919419615367, 1.69864638663171)","0.146474647927564 (-1.51024248207416, 1.77518512608038)",Gefitinib,"0.423710925544193 (-1.73813974832974, 3.01643491261006)","-0.157912023416525 (-3.08132518278185, 2.27135255372866)","0.93235221573653 (-2.23337419310204, 4.01888961075267)","0.696952425188133 (-1.62484080004915, 2.70252409041391)","1.19556886819222 (-1.19854581500563, 3.75167481230587)","1.59348863559599 (-1.09385836241829, 3.9004049629853)","-29.1976038859048 (-101.56836464911, -1.16503414738623)","-0.854552387991081 (-3.38912476558622, 1.10007173359014)","2.40690632990006 (-0.350107681402406, 4.85205821383183)","2.44084606679341 (0.761400430878911, 4.71384172750299)","-0.0151290569885674 (-3.39777428028121, 2.78571744233301)"
Gefitinib_chemotherapy,"-0.0485514243562734 (-3.92596209747385, 2.89563623353117)","-0.557711113950767 (-4.92237723679046, 2.79272098659625)","0.375474918707934 (-4.03601809843007, 3.86503888414411)","-0.38187166402675 (-3.41255383818569, 2.22879393944708)","0.856220507514048 (-3.38196897987575, 4.6830935884518)","-0.0110674500215934 (-3.05752999896482, 2.80216648760528)","-23.5974687008055 (-73.5422762311512, -1.88142368988159)","-1.06303850182522 (-4.87650498197222, 1.97417385374195)","-0.226139109676383 (-4.52843320380681, 3.55995857690258)","-0.283800908364654 (-3.61208197166716, 2.50192668727857)","-0.269400389709683 (-4.5471462609644, 3.53179609743777)","0.405222319664704 (-3.18985154099496, 3.67436581152325)","-0.177851724313226 (-4.2188343362643, 3.55654148834224)","-33.3576447978559 (-100.697634338549, -2.36136118383429)","-0.564989046908031 (-4.00246975407607, 2.58294494853789)","0.621066022577893 (-3.04918077786912, 3.68640347836191)","-1.24852032773408 (-6.25551232896547, 2.81877998085605)","-0.636346722054532 (-4.00290018254852, 2.26055707285425)","-0.280410810061087 (-3.32637609057127, 2.37692999744056)","-0.423710925544193 (-3.01643491261006, 1.73813974832974)",Gefitinib_chemotherapy,"-0.608010612924982 (-4.5303161945774, 2.65563281548109)","0.501092583760899 (-3.7036596931193, 4.26458576183799)","0.251257999417704 (-3.29276595532207, 3.21364488915106)","0.746506187637598 (-2.77056971211652, 4.07862291038534)","1.14911464335322 (-2.61867080164187, 4.29586672139785)","-29.6922297469522 (-101.985974933352, -1.4523817687267)","-1.30960189630104 (-5.0072721726898, 1.63630880987189)","1.97087222119878 (-1.84538206953746, 5.22926572159891)","2.03600181280158 (-0.975388275032539, 5.12113547701644)","-0.468794675734169 (-4.73799349003442, 3.09580301051393)"
Gefitinib_Erlotinib,"0.588322570316717 (-2.17055392136905, 2.84919527547796)","0.0789148104839111 (-3.34590980258685, 2.92107267041054)","0.993699290887125 (-2.42595037112769, 3.99460403302958)","0.189248255035903 (-2.57680208547749, 3.58904866373557)","1.49032363277941 (-1.45868776472873, 4.56354285002952)","0.572232021602727 (-1.32288547936217, 3.13803522073922)","-22.8240050568795 (-72.9526868177427, -1.74789471103782)","-0.43845688336351 (-3.1718834450786, 2.05055904235309)","0.396435404511259 (-3.05082325790036, 3.93227113029246)","0.329179949017376 (-1.82394076608303, 2.6324351007211)","0.357981230349545 (-3.09845724438935, 3.86316684766175)","1.01187400189072 (-1.60791350465377, 4.00096285975067)","0.444163550199277 (-2.64116485442381, 3.85518926266812)","-32.8137443647443 (-100.016016554431, -1.77306498625713)","0.00955060348158798 (-2.34218924872313, 3.15809573007055)","1.2348262924938 (-1.35436327862829, 3.83415894927745)","-0.619320823954321 (-4.86514194880939, 3.14555614715711)","-0.0230575032896619 (-2.30673318228332, 2.50672990565426)","0.299278569852564 (-2.54495797445438, 3.67952120765913)","0.157912023416525 (-2.27135255372866, 3.08132518278185)","0.608010612924982 (-2.65563281548109, 4.5303161945774)",Gefitinib_Erlotinib,"1.1472037118231 (-1.97081852499999, 4.2067922034373)","0.86180471078606 (-0.725327353502401, 2.49072418693894)","1.30117935778144 (-0.405753279812712, 3.94639325500296)","1.75702937307639 (-0.244242122176141, 3.81651254514189)","-29.1206531374346 (-101.377029104933, -1.0996449407275)","-0.651883051970706 (-3.00978568617257, 1.23919712933152)","2.5682219620695 (-0.222813569001528, 5.53363519391633)","2.5988027897774 (0.429716351762896, 5.91561409375751)","0.127075816884954 (-1.44523957814448, 1.7445667535115)"
Lazertinib,"-0.577102738978794 (-3.80134891235603, 2.49430748594899)","-1.09685959141006 (-4.85259427926651, 2.42301434464501)","-0.165229118507488 (-3.95724265403044, 3.48209545223929)","-0.907517294065047 (-4.27122314581581, 2.72999918483328)","0.323237542150777 (-2.11246780807492, 3.1243360907593)","-0.510933120950334 (-3.42419763221633, 2.62352656842488)","-23.9272257383907 (-74.1285414424547, -2.61411315733036)","-1.58737169690388 (-4.87619447900446, 1.61530080611145)","-0.741830310578796 (-4.64319033350381, 3.28623796128448)","-0.791754001165891 (-3.73854124449789, 2.17979697359276)","-0.786039714207968 (-4.7545309129128, 3.2221033644284)","-0.105264483473959 (-3.43341531920016, 3.43161659299064)","-0.674627656159782 (-4.37154278817327, 3.21529697316894)","-33.9556912342179 (-101.351185746171, -2.64028082637683)","-1.08209950536589 (-4.28669746488468, 2.52372676851964)","0.0897143359113987 (-3.12012324841355, 3.35216009963957)","-1.77871285573498 (-6.381554010122, 2.45612266937456)","-1.14552579062406 (-4.21114679936346, 2.00720267818311)","-0.812800211047802 (-4.19291364457214, 2.85201909569692)","-0.93235221573653 (-4.01888961075267, 2.23337419310204)","-0.501092583760899 (-4.26458576183799, 3.7036596931193)","-1.1472037118231 (-4.2067922034373, 1.97081852499999)",Lazertinib,"-0.270354015074744 (-2.9569588367981, 2.42140133460786)","0.217358750347908 (-2.64466691405979, 3.55676441098136)","0.619638228982794 (-2.32345325810148, 3.60554276702671)","-30.2404223448718 (-102.56783225919, -2.08181799664258)","-1.82692604357504 (-4.74498948390515, 1.00622470256115)","1.43885682437377 (-1.96314234816225, 4.94535496653276)","1.5246222026904 (-1.55866240081914, 5.21269258882545)","-1.01548630678468 (-4.39065271381529, 2.49014998922142)"
Osimertinib,"-0.298794320274691 (-2.42716930593573, 1.4695161800372)","-0.80231862867594 (-3.76305517474911, 1.64218252820199)","0.118922557845399 (-2.88297171884801, 2.73370740774526)","-0.670595925376443 (-3.06843325433021, 2.25085102681633)","0.612539170265176 (-1.86337081861911, 3.30460619070581)","-0.269156570468328 (-1.64261689916215, 1.56025834438363)","-23.6710199439403 (-73.8554462354584, -2.71080602110403)","-1.31198690633533 (-3.49277834263928, 0.663230082247723)","-0.477228118500265 (-3.5766490833665, 2.66867035695846)","-0.53692599155079 (-2.06615750505804, 1.08604216732401)","-0.517747697751253 (-3.602404745828, 2.6111540612436)","0.1587657181859 (-2.04234820586736, 2.63307355144047)","-0.425912886095946 (-3.15290549657042, 2.59128210829703)","-33.6491069956238 (-100.813779303748, -2.71947105714671)","-0.849014385504639 (-2.75218687677465, 1.72504522210924)","0.362796038381993 (-1.7038324261425, 2.41771050482125)","-1.46474394509856 (-5.47906670694163, 1.89863644215688)","-0.892378360020885 (-2.61147696371883, 0.98594806005819)","-0.568837640606316 (-3.02116110961249, 2.36300726303504)","-0.696952425188133 (-2.70252409041391, 1.62484080004915)","-0.251257999417704 (-3.21364488915106, 3.29276595532207)","-0.86180471078606 (-2.49072418693894, 0.725327353502401)","0.270354015074744 (-2.42140133460786, 2.9569588367981)",Osimertinib,"0.432687917810299 (-0.581534010782706, 2.38046256030831)","0.88922692100884 (-0.36262375016659, 2.17444255526082)","-29.9508747711649 (-102.208900931999, -2.04643598526841)","-1.51871379925046 (-3.11983039994909, -0.368964750179155)","1.69824230588724 (-0.620611022449679, 4.16456052971525)","1.74294137060537 (-0.0386712163874619, 4.51558840454467)","-0.73518689072593 (-2.99206362131055, 1.53379593559784)"
Osimertinib_chemotherapy,"-0.758469462651126 (-3.89993442276206, 1.23165549725233)","-1.26994170304194 (-5.03290951512716, 1.289101129462)","-0.353678130094063 (-4.20322792360219, 2.38783261871185)","-1.14802538090997 (-4.12143146806833, 1.69692787605151)","0.127322757248334 (-3.05474879897282, 2.9531342680114)","-0.750286828807255 (-2.84402572345532, 1.21536609822908)","-24.2651080819654 (-74.350617878572, -3.12608097635945)","-1.7691719684762 (-4.86895928472819, 0.349329040037657)","-0.970062667185881 (-4.6366295848302, 2.23061860340685)","-1.00546681142816 (-3.45699051918484, 0.817777215211659)","-1.0089353944498 (-4.67472123330983, 2.20715230146448)","-0.338558868778678 (-3.18105143867552, 2.22881623529562)","-0.904889281704013 (-4.27157842238328, 2.17024698318849)","-34.1679653152135 (-101.501178649194, -3.24762218437867)","-1.31815539514308 (-3.92592706481425, 1.24786331445665)","-0.098954474418051 (-3.01431859606019, 2.09505232703934)","-1.99253396127163 (-6.36718390870229, 1.48481876068671)","-1.36334095205939 (-3.93654461668135, 0.688458280044317)","-1.04137590002589 (-4.07064580402157, 1.81921131048787)","-1.19556886819222 (-3.75167481230587, 1.19854581500563)","-0.746506187637598 (-4.07862291038534, 2.77056971211652)","-1.30117935778144 (-3.94639325500296, 0.405753279812712)","-0.217358750347908 (-3.55676441098136, 2.64466691405979)","-0.432687917810299 (-2.38046256030831, 0.581534010782706)",Osimertinib_chemotherapy,"0.440487491300734 (-1.91324995604047, 1.9698128218078)","-30.4758004777041 (-102.69061311172, -2.50927219300092)","-1.96214803091045 (-4.74337280376973, -0.49933560843778)","1.23314108802882 (-1.87329936921382, 3.74812094548371)","1.2619759151052 (-1.03098896266574, 3.96967180354893)","-1.17289547108827 (-4.36323900543886, 1.05429369937043)"
Osimertinib_antiangio,"-1.1787158075805 (-3.74044548321927, 0.917572191520811)","-1.69564589808023 (-4.96611942210391, 1.04237738078382)","-0.763574317885641 (-4.07553967642019, 2.07610132915932)","-1.56256138155527 (-4.23058590535566, 1.66080062175574)","-0.275311022833836 (-3.05639969725874, 2.68287289923023)","-1.16759214712794 (-2.95637921222185, 1.14357848057749)","-24.602646273102 (-74.7680535870963, -3.5067330516761)","-2.1991809618936 (-4.75624532915072, 0.120240976000195)","-1.36551867584434 (-4.69013003616837, 1.99590107162972)","-1.43247320819676 (-3.39872717815529, 0.638420408360437)","-1.40709841843596 (-4.75138406493349, 1.96327573020872)","-0.737346467950476 (-3.23294038736272, 2.06211975546831)","-1.31076132409474 (-4.33316046205359, 1.94491997710372)","-34.5511126974661 (-101.724923651492, -3.56444128001274)","-1.74145119343621 (-3.98366056262895, 1.16159398886657)","-0.529966058335573 (-2.95065720815465, 1.8979066360487)","-2.36717600077591 (-6.55660567355011, 1.23488309384058)","-1.78490907213791 (-3.89180635514289, 0.504124566291561)","-1.45875402750365 (-4.1838714194695, 1.74808919533531)","-1.59348863559599 (-3.9004049629853, 1.09385836241829)","-1.14911464335322 (-4.29586672139785, 2.61867080164187)","-1.75702937307639 (-3.81651254514189, 0.244242122176141)","-0.619638228982794 (-3.60554276702671, 2.32345325810148)","-0.88922692100884 (-2.17444255526082, 0.36262375016659)","-0.440487491300734 (-1.9698128218078, 1.91324995604047)",Osimertinib_antiangio,"-30.8139753086473 (-103.097040276002, -2.87568123155025)","-2.41588865554039 (-4.5152068555034, -0.771949694217943)","0.807013886596247 (-1.85205842598765, 3.59186731587801)","0.846495963262165 (-1.24928716653152, 3.95276676973585)","-1.63000717670322 (-4.21821098187191, 0.947795232228978)"
PD_L1i,"29.6283843596101 (1.52666401623212, 101.885055800217)","29.1415951014175 (0.988319927860409, 101.381818446119)","30.0659489634476 (1.83720596219791, 102.303795850164)","29.2712912194668 (1.17666460002413, 101.584772527884)","30.6503569061598 (2.55554746377042, 103.249595360185)","29.69449402827 (1.66066206912682, 101.976241211566)","7.30495409747094 (-57.9278790770638, 82.1787573253372)","28.6045163093495 (0.558115640337885, 100.763433554306)","29.4410984728746 (1.22528281644095, 101.808057327565)","29.418642588691 (1.41584132767986, 101.700347863672)","29.4564241040125 (1.21412811932639, 101.756711504647)","30.12859696134 (2.02614578571134, 102.479479745897)","29.5430819530179 (1.39819728859599, 101.764335007621)","-1.26881914213264 (-74.6509959549854, 73.3036612301523)","29.0839951220741 (1.07063833869576, 101.436784027859)","30.3467974411411 (2.22323600777499, 102.505203795298)","28.2729729552428 (0.301787120405968, 100.701274046488)","29.0409464615789 (0.99196377433462, 101.3638065073)","29.304215144443 (1.23609383163278, 101.736710511091)","29.1976038859048 (1.16503414738623, 101.56836464911)","29.6922297469522 (1.4523817687267, 101.985974933352)","29.1206531374346 (1.0996449407275, 101.377029104933)","30.2404223448718 (2.08181799664258, 102.56783225919)","29.9508747711649 (2.04643598526841, 102.208900931999)","30.4758004777041 (2.50927219300092, 102.69061311172)","30.8139753086473 (2.87568123155025, 103.097040276002)",PD_L1i,"28.3726901353168 (0.462411647155825, 100.674190533076)","31.6900803431288 (3.53557072989765, 103.953391187284)","31.6830001882442 (3.65857516913899, 104.201373110885)","29.2256737130911 (1.15700488896444, 101.415291539942)"
Placebo,"1.22907341155182 (-0.432285966262106, 2.93210717250717)","0.734025831759148 (-1.84686418717779, 3.16493459198734)","1.64492849936997 (-0.990811555750533, 4.25489758065201)","0.870099713870446 (-1.41743942081988, 4.02160969322507)","2.17001491136895 (-0.50010436223266, 5.23400878473565)","1.25988605009742 (-0.109414119362986, 3.38059509600631)","-22.1414416091921 (-72.326004075376, -1.07140996704278)","0.219796290611431 (-1.51281813735765, 2.14366342662112)","1.07127642492005 (-1.84924548957125, 4.22502563062675)","0.998618518007415 (-0.217532230994891, 2.62617020608135)","1.03381193555911 (-1.88608685965351, 4.19711261658555)","1.69502374321297 (-0.307726549759264, 4.27814929717852)","1.12401447638707 (-1.39756369419431, 4.1664587369061)","-32.12069176266 (-99.2332468941443, -1.16418258409989)","0.682915650788073 (-1.00512385267925, 3.36357860173754)","1.90059881700505 (0.156793343793111, 3.98802519311367)","0.0931160260760094 (-3.76372601689596, 3.47805119996946)","0.644006368343382 (-0.79049096522879, 2.60619040276854)","0.974931754501256 (-1.39966753405279, 4.1239371115491)","0.854552387991081 (-1.10007173359014, 3.38912476558622)","1.30960189630104 (-1.63630880987189, 5.0072721726898)","0.651883051970706 (-1.23919712933152, 3.00978568617257)","1.82692604357504 (-1.00622470256115, 4.74498948390515)","1.51871379925046 (0.368964750179155, 3.11983039994909)","1.96214803091045 (0.49933560843778, 4.74337280376973)","2.41588865554039 (0.771949694217943, 4.5152068555034)","-28.3726901353168 (-100.674190533076, -0.462411647155825)",Placebo,"3.23146908064678 (1.16809897083385, 5.8029607684031)","3.28442300195548 (1.58693216209117, 6.25825313370376)","0.775987595529071 (-1.62504656006702, 3.67496776791046)"
Rociletinib,"-1.98290155901392 (-4.6940057840199, 0.0830182082106917)","-2.50473419256608 (-5.88340388401988, 0.189808752764861)","-1.58186915991235 (-4.99902629708253, 1.2609578638409)","-2.37327038925513 (-5.16768094203203, 0.834390405461513)","-1.07814332707533 (-4.55760687148535, 2.39496227036375)","-1.98391054400429 (-3.94653940212662, 0.400556730676889)","-25.4474527215357 (-75.3872045411079, -4.17768497806967)","-3.0142426637391 (-5.58517716547859, -0.820860633540331)","-2.17843055269171 (-5.4576574135959, 0.998614653601122)","-2.23340603179093 (-4.08791859983465, -0.43998169111203)","-2.22690545680864 (-5.48468604890825, 0.947355538930234)","-1.56335272113781 (-3.9861941226613, 1.08008845035117)","-2.12947599873527 (-5.03411017510279, 0.948360901019789)","-35.3241320242087 (-102.655150908966, -4.44877505614304)","-2.54650912394014 (-4.70759293217286, 0.113524973471761)","-1.33519689946004 (-3.67115604541775, 0.830715313519242)","-3.18567087834325 (-7.30047060976072, 0.247435442187269)","-2.58725626948526 (-4.61069567387978, -0.56130460489796)","-2.27567333134033 (-5.12699076383068, 0.970041774217637)","-2.40690632990006 (-4.85205821383183, 0.350107681402406)","-1.97087222119878 (-5.22926572159891, 1.84538206953746)","-2.5682219620695 (-5.53363519391633, 0.222813569001528)","-1.43885682437377 (-4.94535496653276, 1.96314234816225)","-1.69824230588724 (-4.16456052971525, 0.620611022449679)","-1.23314108802882 (-3.74812094548371, 1.87329936921382)","-0.807013886596247 (-3.59186731587801, 1.85205842598765)","-31.6900803431288 (-103.953391187284, -3.53557072989765)","-3.23146908064678 (-5.8029607684031, -1.16809897083385)",Rociletinib,"0.0408857161991901 (-2.02170621210303, 2.95642810969075)","-2.44357879666651 (-5.75152247923012, 0.761955925298175)"
antiangio,"-2.02722589570452 (-5.14364313630813, -0.286249363141811)","-2.55095106604825 (-6.33574982067616, -0.206611321836629)","-1.62680401047213 (-5.45490134586545, 0.899257410279948)","-2.39331794430558 (-5.23163845464154, -0.187765929633441)","-1.13107826734744 (-4.84413421786253, 1.9431478732492)","-2.02587821002736 (-4.03089765246292, -0.482936309364662)","-25.5526075170022 (-75.4890863610138, -4.26169648173088)","-3.03840411395068 (-6.06426901959255, -1.30326250896833)","-2.25632902315692 (-5.72749151493215, 0.611546722967258)","-2.27841893411129 (-4.42916302838029, -1.03602084529451)","-2.29292598413928 (-5.80797922831315, 0.566081826694544)","-1.60636398101702 (-4.29289194890366, 0.528282880033164)","-2.19992028769719 (-5.38131307602385, 0.562444429330394)","-35.3991869930952 (-102.733668638679, -4.61891854381237)","-2.57149945699311 (-4.93281221053954, -0.691029435266398)","-1.38590888558683 (-4.06129168664479, 0.353668571038956)","-3.27041684404878 (-7.62520675973455, -0.122875756973681)","-2.62575716673212 (-4.89521576178386, -1.23702413639066)","-2.29732511580649 (-5.15432418408456, -0.0412846108910891)","-2.44084606679341 (-4.71384172750299, -0.761400430878911)","-2.03600181280158 (-5.12113547701644, 0.975388275032539)","-2.5988027897774 (-5.91561409375751, -0.429716351762896)","-1.5246222026904 (-5.21269258882545, 1.55866240081914)","-1.74294137060537 (-4.51558840454467, 0.0386712163874619)","-1.2619759151052 (-3.96967180354893, 1.03098896266574)","-0.846495963262165 (-3.95276676973585, 1.24928716653152)","-31.6830001882442 (-104.201373110885, -3.65857516913899)","-3.28442300195548 (-6.25825313370376, -1.58693216209117)","-0.0408857161991901 (-2.95642810969075, 2.02170621210303)",antiangio,"-2.45665125561819 (-6.23497438310843, 0.0958073591330762)"
Zorifertinib,"0.465209608356275 (-2.80888787902142, 3.13771273244664)","-0.0528139336760259 (-3.85873758450241, 3.15738697082292)","0.863710290076008 (-2.92573728295294, 4.19901047782819)","0.0509395601673423 (-3.08060390425876, 3.83842966517833)","1.36132730554573 (-1.99970973240948, 4.79643750213551)","0.434471113100333 (-1.9509805897063, 3.53834504800714)","-22.9610465821436 (-73.1882680982787, -1.8469122940196)","-0.569048713923277 (-3.78280052773405, 2.36909119452271)","0.263389055496145 (-3.52637025987541, 4.12276730774074)","0.191992326230944 (-2.47047074934882, 2.98894704156922)","0.223221993150849 (-3.56496260563333, 4.06278460146255)","0.879955025382435 (-2.12960466500879, 4.29645899160772)","0.314415142358531 (-3.17995171839469, 4.03156145812263)","-32.9231688296653 (-100.294802841245, -1.8654946191811)","-0.123232096781505 (-2.88495376461445, 3.43343148543268)","1.10631936188851 (-1.95007529822405, 4.13678687317275)","-0.755729749365893 (-5.23217668468723, 3.2702657624284)","-0.158707216931584 (-2.90607107721539, 2.83511334288022)","0.157665039200395 (-3.04258529841265, 3.97626195613986)","0.0151290569885674 (-2.78571744233301, 3.39777428028121)","0.468794675734169 (-3.09580301051393, 4.73799349003442)","-0.127075816884954 (-1.7445667535115, 1.44523957814448)","1.01548630678468 (-2.49014998922142, 4.39065271381529)","0.73518689072593 (-1.53379593559784, 2.99206362131055)","1.17289547108827 (-1.05429369937043, 4.36323900543886)","1.63000717670322 (-0.947795232228978, 4.21821098187191)","-29.2256737130911 (-101.415291539942, -1.15700488896444)","-0.775987595529071 (-3.67496776791046, 1.62504656006702)","2.44357879666651 (-0.761955925298175, 5.75152247923012)","2.45665125561819 (-0.0958073591330762, 6.23497438310843)",Zorifertinib
