"","Therapy","cardiac serious (0)","cardiac total (0)","vascular serious (0)","vascular total (0)","cardiac serious (dose)","cardiac total (dose)","vascular serious (dose)","vascular total (dose)","cardiac serious (dose)-1","cardiac total (dose)-1","vascular serious (dose)-1","vascular total (dose)-1","cardiac serious (dose)-2","cardiac total (dose)-2","vascular serious (dose)-2","vascular total (dose)-2","cardiac serious (dose)-2gen","cardiac total (dose)-2gen","vascular serious (dose)-2gen","vascular total (dose)-2gen","cardiac serious (dose)-1gen","cardiac total (dose)-1gen","vascular serious (dose)-1gen","vascular total (dose)-1gen","cardiac serious (antiangio)","cardiac serious (MET)","cardiac serious (IGF-1R)","cardiac total (antiangio)","cardiac total (MET)","cardiac total (IGF-1R)","vascular serious (antiangio)","vascular serious (MET)","vascular serious (IGF-1R)","vascular total (antiangio)","vascular total (MET)","vascular total (IGF-1R)","Serious Cardiac","Serious Cardiac (Gen)","Total Cardiac","Total Cardiac (Gen)","Serious Vascular","Serious Vascular (Gen)","Total Vascular","Total Vascular (Gen)","Serious Arrhythmias","Serious Arrhythmias (Gen)","Total Arrhythmias","Total Arrhythmias (Gen)","Serious Heart Failure","Serious Heart Failure (Gen)","Total Heart Failure","Total Heart Failure (Gen)","Serious Vascular Toxicity","Serious Vascular Toxicity (Gen)","Total Vascular Toxicity","Total Vascular Toxicity (Gen)","Serious Hypertension","Serious Hypertension (Gen)","Total Hypertension","Total Hypertension (Gen)","cardiac serious (0)-gen","cardiac total (0)-gen","vascular serious (0)-gen","vascular total (0)-gen","cardiac serious (dose)-gen","cardiac total (dose)-gen","vascular serious (dose)-gen","vascular total (dose)-gen","Total Hypertension (funnel)","Total Vascular (funnel)","Serious Cardiac (G-E)","Serious Cardiac (G-E)-Gen","Total Cardiac (G-E)","Total Cardiac (G-E)-Gen","Serious Vascular (G-E)","Serious Vascular (G-E)-Gen","Total Vascular (G-E)","Total Vascular (G-E)-Gen"
"1","Osimertinib + antiangiogenesis","4.92 (0.97 to    24.95)","7.21 (3.20 to   16.24)","1.72 (0.34 to     8.61)","7.25 (2.38 to   22.08)","5.96 (1.06 to   33.50)","7.43 (3.28 to   16.84)","1.75 (0.34 to     9.12)","7.27 (2.37 to   22.32)","5.96 (1.06 to   33.50)","7.43 (3.28 to   16.84)","1.75 (0.34 to     9.12)","7.27 (2.37 to   22.32)","5.96 (1.06 to   33.50)","7.43 (3.28 to   16.84)","1.75 (0.34 to     9.12)","7.27 (2.37 to  22.32)",NA,NA,NA,NA,NA,NA,NA,NA,NA,NA,NA,NA,NA,NA,NA,NA,NA,NA,NA,NA,"5.96 (1.06 to   33.50)",NA,"7.43 (3.28 to   16.84)",NA,"1.74 (0.34 to     9.02)",NA,"7.26 (2.37 to   22.25)",NA,"10.49 (0.83 to 132.29)",NA,"7.52 (2.90 to   19.48)",NA,"8.11 (0.29 to  225.16)",NA,"13.96 (1.59 to   122.88)",NA,"0.59 (0.11 to    3.23)",NA,"0.61 (0.10 to     3.56)",NA,"1.49 (0.09 to    23.63)",NA,"5.37 (1.30 to   22.28)",NA,NA,NA,NA,NA,NA,NA,NA,NA,"4.02 (1.08 to   14.97)","6.30 ( 2.75 to  14.43)","5.96 (1.06 to   33.50)",NA,"7.43 (3.28 to   16.84)",NA,"1.74 (0.34 to     9.02)",NA,"7.26 (2.37 to   22.25)",NA
"2","Antiangiogenesis","4.75 (1.88 to    12.01)","6.97 (2.93 to   16.55)","3.34 (0.96 to    11.68)","5.75 (2.41 to   13.72)","5.07 (1.97 to   13.09)","7.01 (2.94 to   16.68)","3.46 (0.95 to    12.61)","5.79 (2.41 to   13.91)","5.07 (1.97 to   13.09)","7.01 (2.94 to   16.68)","3.46 (0.95 to    12.61)","5.79 (2.41 to   13.91)","5.07 (1.97 to   13.09)","7.01 (2.94 to   16.68)","3.46 (0.95 to    12.61)","5.79 (2.41 to  13.91)","4.68 (1.89 to   11.64)","7.99 (3.56 to   17.89)","3.55 (0.92 to   13.65)","5.52 (2.30 to  13.30)","4.68 (1.89 to   11.64)","7.99 (3.56 to   17.89)","3.55 (0.92 to   13.65)","5.52 (2.30 to   13.30)",NA,NA,NA,NA,NA,NA,NA,NA,NA,NA,NA,NA,"5.07 (1.97 to   13.09)","4.68 (1.89 to   11.64)","7.01 (2.94 to   16.68)","7.99 (3.56 to   17.89)","3.44 (0.95 to    12.41)","3.37 (0.87 to   13.13)","5.78 (2.41 to   13.86)","5.40 (2.10 to   13.91)","4.92 (1.25 to  19.39)","4.75 (1.27 to   17.76)","8.78 (2.43 to   31.65)","10.45 (3.60 to   30.35)","16.13 (0.64 to  403.89)","13.17 (0.59 to 295.83)","9.99 (0.78 to   128.33)","8.15 (0.73 to   91.25)","1.61 (0.74 to    3.50)","1.36 (0.60 to    3.10)","1.82 (0.78 to     4.24)","1.57 (0.65 to    3.81)","5.52 (0.44 to    68.94)","8.60 (0.86 to   86.38)","6.11 (2.35 to   15.90)","5.98 (2.33 to  15.31)","4.44 (1.81 to   10.87)","7.94 (3.55 to   17.78)","3.47 (0.94 to   12.82)","5.49 (2.30 to  13.07)","4.68 (1.89 to   11.64)","7.99 (3.56 to   17.89)","3.55 (0.92 to   13.65)","5.52 (2.30 to   13.30)","6.13 (2.89 to   13.00)","4.11 ( 2.36 to   7.13)","5.07 (1.97 to   13.09)","4.85 (1.94 to   12.09)","7.01 (2.94 to   16.68)","8.52 (3.79 to   19.14)","3.44 (0.95 to    12.41)","3.38 (0.85 to   13.46)","5.78 (2.41 to   13.86)","5.39 (2.06 to   14.10)"
"3","Almonertinib","2.75 (0.53 to    14.29)","1.43 (0.62 to    3.27)","21.10 (0.83 to   539.08)","2.29 (0.62 to    8.40)","2.70 (0.51 to   14.22)","1.43 (0.61 to    3.35)","20.89 (0.79 to   553.64)","2.29 (0.62 to    8.51)","2.70 (0.51 to   14.22)","1.43 (0.61 to    3.35)","20.89 (0.79 to   553.64)","2.29 (0.62 to    8.51)","2.70 (0.51 to   14.22)","1.43 (0.61 to    3.35)","20.89 (0.79 to   553.64)","2.29 (0.62 to   8.51)",NA,NA,NA,NA,NA,NA,NA,NA,NA,NA,NA,NA,NA,NA,NA,NA,NA,NA,NA,NA,"2.70 (0.51 to   14.22)",NA,"1.43 (0.61 to    3.35)",NA,"20.89 (0.79 to   549.59)",NA,"2.29 (0.62 to    8.48)",NA,"5.14 (0.36 to  73.02)",NA,"2.45 (0.51 to   11.75)",NA,"0.83 (0.02 to   37.45)",NA,"0.83 (0.02 to    37.45)",NA,"22.81 (1.24 to  418.07)",NA,"22.72 (1.21 to   427.90)",NA,NA,NA,"1.22 (0.24 to    6.20)",NA,NA,NA,NA,NA,NA,NA,NA,NA,"1.27 (0.30 to    5.28)","2.14 ( 0.87 to   5.24)","2.70 (0.51 to   14.22)",NA,"1.43 (0.61 to    3.35)",NA,"20.89 (0.79 to   549.59)",NA,"2.29 (0.62 to    8.48)",NA
"4","Furmonertinib","1.70 (0.46 to     6.27)","1.47 (0.56 to    3.89)","0.96 (0.01 to    65.36)","1.05 (0.02 to   61.85)","1.67 (0.45 to    6.26)","1.48 (0.55 to    3.96)",NA,NA,"1.67 (0.45 to    6.26)","1.48 (0.55 to    3.96)",NA,NA,"1.67 (0.45 to    6.26)","1.48 (0.55 to    3.96)",NA,NA,NA,NA,NA,NA,NA,NA,NA,NA,NA,NA,NA,NA,NA,NA,NA,NA,NA,NA,NA,NA,"1.67 (0.45 to    6.26)",NA,"1.48 (0.55 to    3.96)",NA,NA,NA,NA,NA,"4.24 (0.55 to  32.62)",NA,"2.70 (0.52 to   13.97)",NA,NA,NA,NA,NA,NA,NA,NA,NA,NA,NA,NA,NA,NA,NA,NA,NA,NA,NA,NA,NA,NA,NA,"1.67 (0.45 to    6.26)",NA,"1.48 (0.55 to    3.96)",NA,NA,NA,NA,NA
"5","Lazertinib","1.79 (0.67 to     4.77)","2.83 (1.17 to    6.88)","1.25 (0.33 to     4.76)","1.37 (0.54 to    3.51)","1.78 (0.67 to    4.76)","2.84 (1.17 to    6.91)","1.25 (0.31 to     4.98)","1.37 (0.53 to    3.54)","1.78 (0.67 to    4.76)","2.84 (1.17 to    6.91)","1.25 (0.31 to     4.98)","1.37 (0.53 to    3.54)","1.78 (0.67 to    4.76)","2.84 (1.17 to    6.91)","1.25 (0.31 to     4.98)","1.37 (0.53 to   3.54)",NA,NA,NA,NA,NA,NA,NA,NA,NA,NA,NA,NA,NA,NA,NA,NA,NA,NA,NA,NA,"1.78 (0.67 to    4.76)",NA,"2.84 (1.17 to    6.91)",NA,"1.25 (0.32 to     4.93)",NA,"1.37 (0.53 to    3.53)",NA,"3.50 (0.42 to  29.04)",NA,"5.26 (0.83 to   33.23)",NA,"1.44 (0.20 to   10.60)",NA,"1.44 (0.20 to    10.60)",NA,"1.64 (0.72 to    3.72)",NA,"1.67 (0.78 to     3.59)",NA,"1.01 (0.05 to    20.61)",NA,"0.88 (0.23 to    3.35)",NA,NA,NA,NA,NA,NA,NA,NA,NA,"0.88 (0.27 to    2.94)","1.28 ( 0.69 to   2.39)","1.78 (0.67 to    4.76)",NA,"2.84 (1.17 to    6.91)",NA,"1.25 (0.32 to     4.93)",NA,"1.37 (0.53 to    3.53)",NA
"6","Gefitinib","1.22 (0.63 to     2.40)","1.28 (0.67 to    2.46)","0.95 (0.38 to     2.41)","1.05 (0.53 to    2.06)","1.20 (0.60 to    2.42)","1.29 (0.65 to    2.53)","0.94 (0.36 to     2.46)","1.05 (0.53 to    2.07)","1.20 (0.60 to    2.42)","1.29 (0.65 to    2.53)","0.94 (0.36 to     2.46)","1.05 (0.53 to    2.07)","1.20 (0.60 to    2.42)","1.29 (0.65 to    2.53)","0.94 (0.36 to     2.46)","1.05 (0.53 to   2.07)",NA,NA,NA,NA,NA,NA,NA,NA,"0.98 (0.30 to    3.22)","0.98 (0.30 to  3.22)","0.98 (0.30 to   3.22)","0.78 (0.25 to    2.44)","0.98 (0.30 to  3.22)","0.98 (0.30 to   3.22)","1.01 (0.21 to    4.84)","1.48 (0.46 to  4.73)","1.48 (0.46 to   4.73)","0.96 (0.28 to    3.23)","1.49 (0.46 to  4.84)","1.48 (0.46 to   4.73)","1.20 (0.60 to    2.42)",NA,"1.29 (0.65 to    2.53)",NA,"0.94 (0.36 to     2.45)",NA,"1.05 (0.53 to    2.07)",NA,"3.05 (0.55 to  16.82)",NA,"2.35 (0.54 to   10.30)",NA,"2.48 (0.32 to   19.53)",NA,"2.48 (0.32 to    19.53)",NA,"0.86 (0.44 to    1.65)",NA,"0.85 (0.45 to     1.61)",NA,"0.96 (0.10 to     8.88)",NA,"0.97 (0.26 to    3.62)",NA,NA,NA,NA,NA,NA,NA,NA,NA,"1.00 (0.30 to    3.33)","0.98 ( 0.58 to   1.64)","1.20 (0.60 to    2.42)",NA,"1.29 (0.65 to    2.53)",NA,"0.94 (0.36 to     2.45)",NA,"1.05 (0.53 to    2.07)",NA
"7","Erlotinib + chemotherapy","1.66 (0.59 to     4.61)","1.80 (0.72 to    4.51)","0.92 (0.22 to     3.82)","1.22 (0.40 to    3.67)","1.68 (0.60 to    4.68)","1.81 (0.72 to    4.55)","0.93 (0.22 to     4.02)","1.22 (0.40 to    3.71)","1.68 (0.60 to    4.68)","1.81 (0.72 to    4.55)","0.93 (0.22 to     4.02)","1.22 (0.40 to    3.71)","1.68 (0.60 to    4.68)","1.81 (0.72 to    4.55)","0.93 (0.22 to     4.02)","1.22 (0.40 to   3.71)",NA,NA,NA,NA,NA,NA,NA,NA,NA,NA,NA,NA,NA,NA,NA,NA,NA,NA,NA,NA,"1.68 (0.60 to    4.68)",NA,"1.81 (0.72 to    4.55)",NA,"0.93 (0.22 to     3.98)",NA,"1.22 (0.40 to    3.70)",NA,"2.80 (0.47 to  16.75)",NA,"3.43 (0.77 to   15.16)",NA,"1.08 (0.09 to   12.64)",NA,"1.08 (0.09 to    12.64)",NA,"1.25 (0.42 to    3.70)",NA,"0.80 (0.28 to     2.30)",NA,NA,NA,NA,NA,NA,NA,NA,NA,NA,NA,NA,NA,NA,"1.07 ( 0.47 to   2.47)","1.68 (0.60 to    4.68)",NA,"1.81 (0.72 to    4.55)",NA,"0.93 (0.22 to     3.98)",NA,"1.22 (0.40 to    3.70)",NA
"8","Afatinib","1.17 (0.62 to     2.23)","1.29 (0.68 to    2.44)","1.38 (0.52 to     3.66)","1.25 (0.58 to    2.68)","1.18 (0.62 to    2.24)","1.30 (0.69 to    2.45)","1.39 (0.51 to     3.79)","1.25 (0.58 to    2.70)","1.18 (0.62 to    2.24)","1.30 (0.69 to    2.45)","1.39 (0.51 to     3.79)","1.25 (0.58 to    2.70)","1.18 (0.62 to    2.24)","1.30 (0.69 to    2.45)","1.39 (0.51 to     3.79)","1.25 (0.58 to   2.70)",NA,NA,NA,NA,NA,NA,NA,NA,"2.27 (0.70 to    7.34)","2.27 (0.70 to  7.34)","2.27 (0.70 to   7.34)","2.27 (0.68 to    7.55)","2.27 (0.70 to  7.34)","2.27 (0.70 to   7.34)","3.19 (0.42 to   24.33)","3.19 (0.83 to 12.29)","3.19 (0.83 to  12.29)","3.19 (0.61 to   16.78)","3.19 (0.81 to 12.53)","3.19 (0.83 to  12.29)","1.18 (0.62 to    2.24)",NA,"1.30 (0.69 to    2.45)",NA,"1.39 (0.51 to     3.76)",NA,"1.25 (0.58 to    2.70)",NA,"2.60 (0.83 to   8.20)",NA,"3.08 (1.01 to    9.40)",NA,"1.23 (0.32 to    4.79)",NA,"1.23 (0.32 to     4.79)",NA,"1.28 (0.69 to    2.36)",NA,"1.28 (0.65 to     2.50)",NA,"0.40 (0.04 to     4.27)",NA,"0.72 (0.19 to    2.71)",NA,NA,NA,NA,NA,NA,NA,NA,NA,"0.71 (0.21 to    2.38)","1.11 ( 0.63 to   1.95)","1.18 (0.62 to    2.24)",NA,"1.30 (0.69 to    2.45)",NA,"1.39 (0.51 to     3.76)",NA,"1.25 (0.58 to    2.70)",NA
"9","Osimertinib + chemotherapy","2.99 (0.91 to     9.85)","3.92 (2.04 to    7.53)","2.12 (0.37 to    12.14)","1.45 (0.42 to    5.02)","3.30 (0.95 to   11.41)","3.94 (2.05 to    7.59)","2.39 (0.37 to    15.50)","1.48 (0.41 to    5.32)","3.30 (0.95 to   11.41)","3.94 (2.05 to    7.59)","2.39 (0.37 to    15.50)","1.48 (0.41 to    5.32)","3.30 (0.95 to   11.41)","3.94 (2.05 to    7.59)","2.39 (0.37 to    15.50)","1.48 (0.41 to   5.32)",NA,NA,NA,NA,NA,NA,NA,NA,NA,NA,NA,NA,NA,NA,NA,NA,NA,NA,NA,NA,"3.30 (0.95 to   11.41)",NA,"3.94 (2.05 to    7.59)",NA,"2.39 (0.37 to    15.32)",NA,"1.48 (0.42 to    5.30)",NA,"2.84 (0.25 to  32.87)",NA,"3.91 (1.72 to    8.90)",NA,"14.19 (0.57 to  350.84)",NA,"3.65 (0.81 to    16.57)",NA,"2.71 (0.83 to    8.87)",NA,"2.20 (0.67 to     7.25)",NA,"1.73 (0.03 to   119.08)",NA,"0.83 (0.18 to    3.78)",NA,NA,NA,NA,NA,NA,NA,NA,NA,"0.79 (0.21 to    2.97)","1.33 ( 0.58 to   3.04)","3.30 (0.95 to   11.41)",NA,"3.94 (2.05 to    7.59)",NA,"2.39 (0.37 to    15.32)",NA,"1.48 (0.42 to    5.30)",NA
"10","Chemotherapy","1.33 (0.69 to     2.56)","1.56 (0.86 to    2.83)","1.50 (0.62 to     3.58)","1.85 (0.92 to    3.72)","1.34 (0.69 to    2.61)","1.58 (0.86 to    2.89)","1.54 (0.62 to     3.79)","1.86 (0.92 to    3.74)","1.34 (0.69 to    2.61)","1.58 (0.86 to    2.89)","1.54 (0.62 to     3.79)","1.86 (0.92 to    3.74)","1.34 (0.69 to    2.61)","1.58 (0.86 to    2.89)","1.54 (0.62 to     3.79)","1.86 (0.92 to   3.74)","1.26 (0.65 to    2.43)","1.73 (1.00 to    3.01)","1.49 (0.58 to    3.80)","1.82 (0.90 to   3.66)","1.26 (0.65 to    2.43)","1.73 (1.00 to    3.01)","1.49 (0.58 to    3.80)","1.82 (0.90 to    3.66)",NA,NA,NA,NA,NA,NA,NA,NA,NA,NA,NA,NA,"1.34 (0.69 to    2.61)","1.26 (0.65 to    2.43)","1.58 (0.86 to    2.89)","1.73 (1.00 to    3.01)","1.53 (0.62 to     3.77)","1.46 (0.57 to    3.75)","1.86 (0.92 to    3.73)","1.82 (0.87 to    3.82)","2.41 (0.68 to   8.60)","1.95 (0.58 to    6.57)","2.65 (0.93 to    7.57)","2.97 (1.27 to    6.97)","2.08 (0.32 to   13.31)","1.85 (0.30 to  11.62)","2.08 (0.32 to    13.31)","1.85 (0.30 to   11.62)","1.45 (0.79 to    2.69)","1.39 (0.73 to    2.62)","1.40 (0.74 to     2.65)","1.34 (0.69 to    2.59)","1.25 (0.02 to    80.93)","2.11 (0.04 to  111.25)","1.73 (0.53 to    5.72)","1.91 (0.68 to   5.33)","1.24 (0.65 to    2.37)","1.72 (1.00 to    2.96)","1.44 (0.58 to    3.58)","1.81 (0.91 to   3.63)","1.26 (0.65 to    2.43)","1.73 (1.00 to    3.01)","1.49 (0.58 to    3.80)","1.82 (0.90 to    3.66)","1.66 (0.56 to    4.97)","1.69 ( 1.00 to   2.87)","1.34 (0.69 to    2.61)","1.28 (0.66 to    2.49)","1.58 (0.86 to    2.89)","1.83 (1.05 to    3.18)","1.53 (0.62 to     3.77)","1.45 (0.56 to    3.78)","1.86 (0.92 to    3.73)","1.82 (0.86 to    3.84)"
"11","Zorifertinib","1.65 (0.30 to     9.03)","1.18 (0.45 to    3.07)","0.57 (0.01 to    53.05)","0.60 (0.01 to   41.67)","1.65 (0.30 to    9.02)","1.18 (0.45 to    3.07)",NA,NA,"1.65 (0.30 to    9.02)","1.18 (0.45 to    3.07)",NA,NA,"1.65 (0.30 to    9.02)","1.18 (0.45 to    3.07)",NA,NA,"2.66 (0.69 to   10.21)","1.72 (0.84 to    3.50)",NA,NA,"2.66 (0.69 to   10.21)","1.72 (0.84 to    3.50)",NA,NA,NA,NA,NA,NA,NA,NA,NA,NA,NA,NA,NA,NA,"1.65 (0.30 to    9.02)","2.66 (0.69 to   10.21)","1.18 (0.45 to    3.07)","1.72 (0.84 to    3.50)",NA,NA,NA,NA,"2.33 (0.21 to  26.32)","3.70 (0.77 to   17.76)","1.59 (0.54 to    4.72)","2.84 (1.22 to    6.62)",NA,NA,NA,NA,NA,NA,NA,NA,NA,NA,NA,NA,"2.66 (0.70 to   10.20)","1.71 (0.84 to    3.48)","0.89 (0.01 to   60.79)","0.96 (0.02 to  55.25)","2.66 (0.69 to   10.21)","1.72 (0.84 to    3.50)",NA,NA,NA,NA,NA,NA,NA,NA,NA,NA,NA,NA
"12","Lazertinib + Amivantamab","2.00 (0.76 to     5.23)","3.40 (1.46 to    7.89)","2.87 (0.61 to    13.56)","5.99 (1.98 to   18.15)","1.99 (0.76 to    5.23)","3.40 (1.47 to    7.91)","2.87 (0.57 to    14.48)","6.00 (1.96 to   18.39)","1.99 (0.76 to    5.23)","3.40 (1.47 to    7.91)","2.87 (0.57 to    14.48)","6.00 (1.96 to   18.39)","1.99 (0.76 to    5.23)","3.40 (1.47 to    7.91)","2.87 (0.57 to    14.48)","6.00 (1.96 to  18.39)",NA,NA,NA,NA,NA,NA,NA,NA,NA,NA,NA,NA,NA,NA,NA,NA,NA,NA,NA,NA,"1.99 (0.76 to    5.23)",NA,"3.40 (1.47 to    7.91)",NA,"2.87 (0.58 to    14.29)",NA,"6.00 (1.96 to   18.32)",NA,"2.13 (0.21 to  21.06)",NA,"3.53 (0.47 to   26.48)",NA,"0.80 (0.11 to    5.70)",NA,"0.80 (0.11 to     5.70)",NA,"4.00 (1.83 to    8.73)",NA,"7.37 (3.29 to    16.49)",NA,NA,NA,"0.76 (0.18 to    3.17)",NA,NA,NA,NA,NA,NA,NA,NA,NA,"0.76 (0.22 to    2.63)","5.61 ( 2.92 to  10.79)","1.99 (0.76 to    5.23)",NA,"3.40 (1.47 to    7.91)",NA,"2.87 (0.58 to    14.29)",NA,"6.00 (1.96 to   18.32)",NA
"13","Osimertinib","1.42 (0.70 to     2.89)","2.53 (1.53 to    4.19)","0.94 (0.34 to     2.58)","0.97 (0.44 to    2.16)","1.42 (0.70 to    2.89)","2.53 (1.53 to    4.19)","0.95 (0.33 to     2.68)","0.97 (0.43 to    2.17)","1.42 (0.70 to    2.89)","2.53 (1.53 to    4.19)","0.95 (0.33 to     2.68)","0.97 (0.43 to    2.17)","1.42 (0.70 to    2.89)","2.53 (1.53 to    4.19)","0.95 (0.33 to     2.68)","0.97 (0.43 to   2.17)",NA,NA,NA,NA,NA,NA,NA,NA,"1.22 (0.52 to    2.85)","1.22 (0.52 to  2.85)","1.22 (0.52 to   2.85)","2.66 (1.47 to    4.79)","2.65 (1.53 to  4.58)","2.65 (1.53 to   4.58)","0.98 (0.22 to    4.29)","1.02 (0.37 to  2.76)","1.02 (0.37 to   2.76)","0.99 (0.29 to    3.36)","1.01 (0.37 to  2.79)","1.02 (0.37 to   2.76)","1.42 (0.70 to    2.89)",NA,"2.53 (1.53 to    4.19)",NA,"0.95 (0.34 to     2.66)",NA,"0.97 (0.43 to    2.17)",NA,"1.70 (0.43 to   6.69)",NA,"3.35 (1.75 to    6.40)",NA,"1.56 (0.42 to    5.80)",NA,"1.56 (0.42 to     5.80)",NA,"1.08 (0.57 to    2.02)",NA,"1.11 (0.58 to     2.14)",NA,"0.53 (0.05 to     5.49)",NA,"0.65 (0.19 to    2.26)",NA,NA,NA,NA,NA,NA,NA,NA,NA,"0.63 (0.20 to    1.96)","0.91 ( 0.50 to   1.63)","1.42 (0.70 to    2.89)",NA,"2.53 (1.53 to    4.19)",NA,"0.95 (0.34 to     2.66)",NA,"0.97 (0.43 to    2.17)",NA
"14","Rociletinib","1.69 (0.29 to     9.75)","7.07 (2.51 to   19.97)","0.33 (0.01 to    11.45)","0.35 (0.01 to   10.25)",NA,NA,NA,NA,NA,NA,NA,NA,NA,NA,NA,NA,NA,NA,NA,NA,NA,NA,NA,NA,NA,NA,NA,NA,NA,NA,NA,NA,NA,NA,NA,NA,"1.71 (0.29 to    9.90)","1.58 (0.28 to    8.96)","7.11 (2.51 to   20.11)","8.08 (3.02 to   21.61)","0.34 (0.01 to    11.80)","0.28 (0.01 to   10.54)","0.35 (0.01 to   10.29)","0.30 (0.01 to    9.42)","1.59 (0.13 to  19.51)","1.53 (0.13 to   18.32)","16.56 (4.05 to   67.77)","19.94 (5.96 to   66.69)",NA,NA,NA,NA,"1.03 (0.10 to   10.73)","0.84 (0.08 to    8.97)","1.05 (0.10 to    11.48)","0.88 (0.08 to    9.93)",NA,NA,NA,NA,"1.58 (0.28 to    8.96)","8.04 (3.01 to   21.49)","0.30 (0.01 to   10.77)","0.32 (0.01 to   9.49)",NA,NA,NA,NA,NA,"0.31 ( 0.01 to   8.10)","1.71 (0.29 to    9.90)","1.63 (0.29 to    9.30)","7.11 (2.51 to   20.11)","8.62 (3.22 to   23.10)","0.34 (0.01 to    11.80)","0.28 (0.01 to   10.62)","0.35 (0.01 to   10.29)","0.30 (0.01 to    9.44)"
"15","DHFR inhibitor","0.93 (0.20 to     4.25)","1.06 (0.23 to    4.85)","1.76 (0.14 to    21.52)","1.83 (0.19 to   18.00)","0.94 (0.20 to    4.31)","1.07 (0.23 to    4.88)","1.77 (0.14 to    22.61)","1.83 (0.18 to   18.15)","0.94 (0.20 to    4.31)","1.07 (0.23 to    4.88)","1.77 (0.14 to    22.61)","1.83 (0.18 to   18.15)","0.94 (0.20 to    4.31)","1.07 (0.23 to    4.88)","1.77 (0.14 to    22.61)","1.83 (0.18 to  18.15)","0.87 (0.19 to    3.89)","1.21 (0.28 to    5.34)","1.57 (0.12 to   21.45)","1.69 (0.17 to  16.84)","0.87 (0.19 to    3.89)","1.21 (0.28 to    5.34)","1.57 (0.12 to   21.45)","1.69 (0.17 to   16.84)",NA,NA,NA,NA,NA,NA,NA,NA,NA,NA,NA,NA,"0.94 (0.20 to    4.31)","0.87 (0.19 to    3.89)","1.07 (0.23 to    4.88)","1.21 (0.28 to    5.34)","1.77 (0.14 to    22.37)","1.48 (0.11 to   20.49)","1.83 (0.18 to   18.11)","1.60 (0.15 to   16.91)","1.62 (0.21 to  12.49)","1.56 (0.21 to   11.64)","2.17 (0.29 to   16.23)","2.61 (0.40 to   17.06)",NA,NA,NA,NA,"1.05 (0.10 to   10.76)","0.85 (0.08 to    9.00)","1.07 (0.10 to    11.52)","0.90 (0.08 to    9.97)",NA,NA,NA,NA,"0.87 (0.19 to    3.89)","1.21 (0.28 to    5.31)","1.58 (0.12 to   20.62)","1.69 (0.17 to  16.67)","0.87 (0.19 to    3.89)","1.21 (0.28 to    5.34)","1.57 (0.12 to   21.45)","1.69 (0.17 to   16.84)",NA,"1.64 ( 0.20 to  13.32)","0.94 (0.20 to    4.31)","0.90 (0.20 to    4.04)","1.07 (0.23 to    4.88)","1.30 (0.29 to    5.70)","1.77 (0.14 to    22.37)","1.47 (0.10 to   20.77)","1.83 (0.18 to   18.11)","1.59 (0.15 to   17.01)"
"16","Erlotinib","1.15 (0.68 to     1.97)","1.32 (0.79 to    2.23)","1.00 (0.48 to     2.09)","1.04 (0.59 to    1.84)","1.17 (0.68 to    2.01)","1.33 (0.79 to    2.25)","1.01 (0.47 to     2.16)","1.04 (0.59 to    1.85)","1.17 (0.68 to    2.01)","1.33 (0.79 to    2.25)","1.01 (0.47 to     2.16)","1.04 (0.59 to    1.85)","1.17 (0.68 to    2.01)","1.33 (0.79 to    2.25)","1.01 (0.47 to     2.16)","1.04 (0.59 to   1.85)",NA,NA,NA,NA,NA,NA,NA,NA,"1.38 (0.65 to    2.93)","1.38 (0.65 to  2.93)","1.38 (0.65 to   2.93)","1.52 (0.72 to    3.22)","1.38 (0.65 to  2.93)","1.38 (0.65 to   2.93)","0.76 (0.26 to    2.22)","0.57 (0.29 to  1.12)","0.57 (0.29 to   1.12)","0.84 (0.39 to    1.81)","0.70 (0.42 to  1.17)","0.70 (0.44 to   1.13)","1.17 (0.68 to    2.01)",NA,"1.33 (0.79 to    2.25)",NA,"1.01 (0.47 to     2.15)",NA,"1.04 (0.59 to    1.85)",NA,"1.55 (0.57 to   4.27)",NA,"2.08 (0.81 to    5.37)",NA,"1.81 (0.47 to    6.97)",NA,"1.81 (0.47 to     6.97)",NA,"1.01 (0.62 to    1.62)",NA,"1.03 (0.62 to     1.71)",NA,"0.40 (0.04 to     4.13)",NA,"0.79 (0.36 to    1.72)",NA,NA,NA,NA,NA,NA,NA,NA,NA,"0.78 (0.42 to    1.44)","0.94 ( 0.62 to   1.41)","1.17 (0.68 to    2.01)",NA,"1.33 (0.79 to    2.25)",NA,"1.01 (0.47 to     2.15)",NA,"1.04 (0.59 to    1.85)",NA
"17","Erlotinib + antiangiogenesis","1.38 (0.68 to     2.80)","1.33 (0.73 to    2.44)","2.66 (1.10 to     6.47)","4.48 (2.32 to    8.63)","1.44 (0.70 to    2.95)","1.35 (0.73 to    2.49)","2.69 (1.07 to     6.71)","4.50 (2.32 to    8.71)","1.44 (0.70 to    2.95)","1.35 (0.73 to    2.49)","2.69 (1.07 to     6.71)","4.50 (2.32 to    8.71)","1.44 (0.70 to    2.95)","1.35 (0.73 to    2.49)","2.69 (1.07 to     6.71)","4.50 (2.32 to   8.71)",NA,NA,NA,NA,NA,NA,NA,NA,NA,NA,NA,NA,NA,NA,NA,NA,NA,NA,NA,NA,"1.44 (0.70 to    2.95)",NA,"1.35 (0.73 to    2.49)",NA,"2.68 (1.08 to     6.66)",NA,"4.49 (2.32 to    8.69)",NA,"1.51 (0.40 to   5.73)",NA,"1.47 (0.51 to    4.22)",NA,"2.09 (0.40 to   10.94)",NA,"2.64 (0.54 to    12.93)",NA,"1.44 (0.79 to    2.60)",NA,"1.23 (0.66 to     2.29)",NA,"2.09 (0.19 to    23.25)",NA,"4.25 (1.86 to    9.74)",NA,NA,NA,NA,NA,NA,NA,NA,NA,"4.75 (2.39 to    9.41)","3.90 ( 2.45 to   6.21)","1.44 (0.70 to    2.95)",NA,"1.35 (0.73 to    2.49)",NA,"2.68 (1.08 to     6.66)",NA,"4.49 (2.32 to    8.69)",NA
"18","Erlotinib + IGF-1R inhibitor","1.56 (0.54 to     4.50)","1.26 (0.58 to    2.73)","2.76 (0.52 to    14.70)","3.23 (1.07 to    9.74)","1.34 (0.43 to    4.15)","1.17 (0.53 to    2.57)","2.43 (0.37 to    16.16)","2.85 (0.90 to    9.08)","1.34 (0.43 to    4.15)","1.17 (0.53 to    2.57)","2.43 (0.37 to    16.16)","2.85 (0.90 to    9.08)","1.34 (0.43 to    4.15)","1.17 (0.53 to    2.57)","2.43 (0.37 to    16.16)","2.85 (0.90 to   9.08)",NA,NA,NA,NA,NA,NA,NA,NA,NA,NA,NA,NA,NA,NA,NA,NA,NA,NA,NA,NA,"1.61 (0.54 to    4.76)",NA,"1.26 (0.58 to    2.76)",NA,"2.78 (0.51 to    15.22)",NA,"3.24 (1.07 to    9.84)",NA,"1.47 (0.29 to   7.52)",NA,"1.34 (0.40 to    4.49)",NA,"3.03 (0.26 to   34.74)",NA,"4.03 (0.53 to    30.41)",NA,"2.33 (0.59 to    9.30)",NA,"2.67 (0.87 to     8.20)",NA,"1.20 (0.02 to    76.96)",NA,"2.06 (0.48 to    8.88)",NA,NA,NA,NA,NA,NA,NA,NA,NA,"2.04 (0.58 to    7.21)","2.69 ( 1.30 to   5.57)","1.61 (0.54 to    4.76)",NA,"1.26 (0.58 to    2.76)",NA,"2.78 (0.51 to    15.22)",NA,"3.24 (1.07 to    9.84)",NA
"19","Erlotinib + HER3 inhibitor","2.56 (0.57 to    11.57)","2.94 (0.65 to   13.21)","0.50 (0.06 to     4.02)","0.52 (0.08 to    3.20)",NA,NA,NA,NA,NA,NA,NA,NA,NA,NA,NA,NA,NA,NA,NA,NA,NA,NA,NA,NA,NA,NA,NA,NA,NA,NA,NA,NA,NA,NA,NA,NA,"2.60 (0.57 to   11.75)",NA,"2.95 (0.66 to   13.29)",NA,"0.50 (0.06 to     4.20)",NA,"0.52 (0.08 to    3.22)",NA,"1.41 (0.22 to   9.17)",NA,"1.90 (0.30 to   11.88)",NA,"4.63 (0.16 to  130.03)",NA,"4.63 (0.16 to   130.03)",NA,"0.64 (0.14 to    2.90)",NA,"0.66 (0.14 to     3.18)",NA,NA,NA,NA,NA,NA,NA,NA,NA,NA,NA,NA,NA,NA,"0.46 ( 0.10 to   2.24)","2.60 (0.57 to   11.75)",NA,"2.95 (0.66 to   13.29)",NA,"0.50 (0.06 to     4.20)",NA,"0.52 (0.08 to    3.22)",NA
"20","Afatinib + Cetuximab","1.20 (0.11 to    12.87)","1.33 (0.45 to    3.93)","2.74 (0.35 to    21.70)","1.18 (0.32 to    4.33)","1.21 (0.11 to   12.94)","1.33 (0.45 to    3.95)","2.75 (0.33 to    23.09)","1.19 (0.32 to    4.40)","1.21 (0.11 to   12.94)","1.33 (0.45 to    3.95)","2.75 (0.33 to    23.09)","1.19 (0.32 to    4.40)","1.21 (0.11 to   12.94)","1.33 (0.45 to    3.95)","2.75 (0.33 to    23.09)","1.19 (0.32 to   4.40)",NA,NA,NA,NA,NA,NA,NA,NA,NA,NA,NA,NA,NA,NA,NA,NA,NA,NA,NA,NA,"1.21 (0.11 to   12.94)",NA,"1.33 (0.45 to    3.95)",NA,"2.75 (0.33 to    22.80)",NA,"1.19 (0.32 to    4.38)",NA,"0.88 (0.03 to  26.66)",NA,"1.96 (0.40 to    9.54)",NA,NA,NA,NA,NA,"2.99 (0.58 to   15.49)",NA,"1.83 (0.45 to     7.40)",NA,"0.13 (0.00 to     8.84)",NA,"0.44 (0.09 to    2.14)",NA,NA,NA,NA,NA,NA,NA,NA,NA,"0.43 (0.11 to    1.73)","1.05 ( 0.45 to   2.46)","1.21 (0.11 to   12.94)",NA,"1.33 (0.45 to    3.95)",NA,"2.75 (0.33 to    22.80)",NA,"1.19 (0.32 to    4.38)",NA
"21","Afatinib + HMGCR inhibitor","0.34 (0.01 to     9.14)","1.74 (0.41 to    7.45)","1.23 (0.02 to    86.73)","1.11 (0.02 to   67.80)","0.34 (0.01 to    9.18)","1.75 (0.41 to    7.49)",NA,NA,"0.34 (0.01 to    9.18)","1.75 (0.41 to    7.49)",NA,NA,"0.34 (0.01 to    9.18)","1.75 (0.41 to    7.49)",NA,NA,NA,NA,NA,NA,NA,NA,NA,NA,NA,NA,NA,NA,NA,NA,NA,NA,NA,NA,NA,NA,"0.34 (0.01 to    9.18)",NA,"1.75 (0.41 to    7.49)",NA,NA,NA,NA,NA,"0.75 (0.02 to  23.19)",NA,"4.15 (0.74 to   23.15)",NA,NA,NA,NA,NA,NA,NA,NA,NA,NA,NA,NA,NA,NA,NA,NA,NA,NA,NA,NA,NA,NA,NA,"0.34 (0.01 to    9.18)",NA,"1.75 (0.41 to    7.49)",NA,NA,NA,NA,NA
"22","Erlotinib + MET inhibitor","1.01 (0.45 to     2.23)","1.20 (0.55 to    2.62)","1.43 (0.48 to     4.25)","1.42 (0.61 to    3.30)","1.01 (0.45 to    2.28)","1.20 (0.54 to    2.66)","1.42 (0.46 to     4.39)","1.41 (0.60 to    3.31)","1.01 (0.45 to    2.28)","1.20 (0.54 to    2.66)","1.42 (0.46 to     4.39)","1.41 (0.60 to    3.31)","1.01 (0.45 to    2.28)","1.20 (0.54 to    2.66)","1.42 (0.46 to     4.39)","1.41 (0.60 to   3.31)",NA,NA,NA,NA,NA,NA,NA,NA,NA,NA,NA,NA,NA,NA,NA,NA,NA,NA,NA,NA,"1.01 (0.45 to    2.28)",NA,"1.20 (0.54 to    2.66)",NA,"1.42 (0.46 to     4.36)",NA,"1.41 (0.60 to    3.31)",NA,"0.96 (0.23 to   3.94)",NA,"1.47 (0.39 to    5.60)",NA,"1.79 (0.30 to   10.54)",NA,"1.79 (0.30 to    10.54)",NA,"1.52 (0.81 to    2.85)",NA,"1.48 (0.74 to     2.94)",NA,"1.19 (0.02 to    76.03)",NA,"2.35 (0.08 to   66.37)",NA,NA,NA,NA,NA,NA,NA,NA,NA,"2.32 (0.09 to   60.49)","1.45 ( 0.82 to   2.56)","1.01 (0.45 to    2.28)",NA,"1.20 (0.54 to    2.66)",NA,"1.42 (0.46 to     4.36)",NA,"1.41 (0.60 to    3.31)",NA
"23","Dacomitinib","0.78 (0.38 to     1.61)","0.79 (0.40 to    1.56)","1.09 (0.38 to     3.12)","1.01 (0.47 to    2.19)","0.78 (0.37 to    1.62)","0.79 (0.40 to    1.56)","1.10 (0.37 to     3.24)","1.01 (0.47 to    2.20)","0.78 (0.37 to    1.62)","0.79 (0.40 to    1.56)","1.10 (0.37 to     3.24)","1.01 (0.47 to    2.20)","0.78 (0.37 to    1.62)","0.79 (0.40 to    1.56)","1.10 (0.37 to     3.24)","1.01 (0.47 to   2.20)",NA,NA,NA,NA,NA,NA,NA,NA,"0.41 (0.12 to    1.42)","0.41 (0.12 to  1.42)","0.41 (0.12 to   1.42)","0.41 (0.11 to    1.46)","0.41 (0.12 to  1.42)","0.41 (0.12 to   1.42)","1.14 (0.18 to    7.12)","1.14 (0.41 to  3.16)","1.14 (0.41 to   3.16)","1.14 (0.28 to    4.65)","1.14 (0.40 to  3.24)","1.14 (0.41 to   3.16)","0.78 (0.37 to    1.62)",NA,"0.79 (0.40 to    1.56)",NA,"1.10 (0.37 to     3.21)",NA,"1.01 (0.47 to    2.20)",NA,"0.90 (0.24 to   3.41)",NA,"1.07 (0.34 to    3.33)",NA,"1.81 (0.13 to   25.28)",NA,"1.81 (0.13 to    25.28)",NA,"0.96 (0.49 to    1.87)",NA,"0.97 (0.47 to     2.00)",NA,NA,NA,"0.86 (0.18 to    4.10)",NA,NA,NA,NA,NA,NA,NA,NA,NA,"0.89 (0.23 to    3.47)","0.96 ( 0.54 to   1.71)","0.78 (0.37 to    1.62)",NA,"0.79 (0.40 to    1.56)",NA,"1.10 (0.37 to     3.21)",NA,"1.01 (0.47 to    2.20)",NA
"24","3rd-generation EGFR TKIs + antiangiogenesis",NA,NA,NA,NA,NA,NA,NA,NA,NA,NA,NA,NA,NA,NA,NA,NA,"7.20 (1.35 to   38.32)","6.40 (2.99 to   13.69)","2.47 (0.48 to   12.79)","9.85 (3.48 to  27.86)","7.20 (1.35 to   38.32)","6.40 (2.99 to   13.69)","2.47 (0.48 to   12.79)","9.85 (3.48 to   27.86)",NA,NA,NA,NA,NA,NA,NA,NA,NA,NA,NA,NA,NA,"7.20 (1.35 to   38.32)",NA,"6.40 (2.99 to   13.69)",NA,"3.04 (0.59 to   15.63)",NA,"12.97 (4.32 to   38.89)",NA,"12.56 (1.17 to  135.14)",NA,"7.32 (2.96 to   18.11)",NA,"10.88 (0.42 to 282.22)",NA,"18.73 (2.36 to  148.39)",NA,"0.93 (0.17 to    5.22)",NA,"0.86 (0.14 to    5.17)",NA,"1.30 (0.10 to   17.27)",NA,"7.02 (2.31 to  21.35)","5.89 (1.23 to   28.21)","6.20 (2.92 to   13.16)","2.39 (0.48 to   11.86)","9.78 (3.50 to  27.33)","7.20 (1.35 to   38.32)","6.40 (2.99 to   13.69)","2.47 (0.48 to   12.79)","9.85 (3.48 to   27.86)",NA,NA,NA,"6.61 (1.22 to   35.68)",NA,"5.97 (2.78 to   12.80)",NA,"3.16 (0.59 to   17.02)",NA,"13.45 (4.34 to   41.71)"
"25","3rd-generation EGFR TKIs + chemotherapy",NA,NA,NA,NA,NA,NA,NA,NA,NA,NA,NA,NA,NA,NA,NA,NA,"3.98 (1.24 to   12.76)","3.40 (1.90 to    6.08)","3.31 (0.50 to   22.05)","2.01 (0.60 to   6.78)","3.98 (1.24 to   12.76)","3.40 (1.90 to    6.08)","3.31 (0.50 to   22.05)","2.01 (0.60 to    6.78)",NA,NA,NA,NA,NA,NA,NA,NA,NA,NA,NA,NA,NA,"3.98 (1.24 to   12.76)",NA,"3.40 (1.90 to    6.08)",NA,"4.05 (0.61 to   27.03)",NA,"2.64 (0.71 to    9.79)",NA,"3.40 (0.35 to   33.37)",NA,"3.80 (1.76 to    8.21)",NA,"19.03 (0.83 to 438.65)",NA,"4.90 (1.26 to   19.03)",NA,"4.29 (1.27 to   14.51)",NA,"3.11 (0.91 to   10.68)",NA,"1.46 (0.02 to   92.61)",NA,"1.09 (0.32 to   3.69)","3.59 (1.18 to   10.89)","3.37 (1.89 to    6.01)","2.87 (0.50 to   16.59)","1.95 (0.60 to   6.31)","3.98 (1.24 to   12.76)","3.40 (1.90 to    6.08)","3.31 (0.50 to   22.05)","2.01 (0.60 to    6.78)",NA,NA,NA,"3.65 (1.12 to   11.96)",NA,"3.17 (1.76 to    5.69)",NA,"4.20 (0.60 to   29.35)",NA,"2.74 (0.71 to   10.53)"
"26","1st-generation EGFR TKIs + chemotherapy",NA,NA,NA,NA,NA,NA,NA,NA,NA,NA,NA,NA,NA,NA,NA,NA,"1.70 (0.67 to    4.33)","1.92 (0.92 to    4.00)","1.08 (0.36 to    3.26)","1.19 (0.56 to   2.50)","1.70 (0.67 to    4.33)","1.92 (0.92 to    4.00)","1.08 (0.36 to    3.26)","1.19 (0.56 to    2.50)",NA,NA,NA,NA,NA,NA,NA,NA,NA,NA,NA,NA,NA,"1.70 (0.67 to    4.33)",NA,"1.92 (0.92 to    4.00)",NA,"1.02 (0.34 to    3.11)",NA,"1.14 (0.51 to    2.51)",NA,"2.54 (0.43 to   14.89)",NA,"3.55 (1.17 to   10.79)",NA,"1.43 (0.19 to  10.90)",NA,"0.97 (0.15 to    6.20)",NA,"1.36 (0.56 to    3.30)",NA,"1.08 (0.48 to    2.43)",NA,"0.66 (0.07 to    6.02)",NA,"0.83 (0.33 to   2.05)","1.58 (0.65 to    3.86)","1.90 (0.92 to    3.93)","1.04 (0.36 to    3.02)","1.19 (0.57 to   2.48)","1.70 (0.67 to    4.33)","1.92 (0.92 to    4.00)","1.08 (0.36 to    3.26)","1.19 (0.56 to    2.50)",NA,NA,NA,"1.76 (0.69 to    4.49)",NA,"2.05 (0.98 to    4.27)",NA,"1.01 (0.33 to    3.14)",NA,"1.13 (0.50 to    2.53)"
"27","3rd-generation EGFR TKIs",NA,NA,NA,NA,NA,NA,NA,NA,NA,NA,NA,NA,NA,NA,NA,NA,"1.71 (0.97 to    3.02)","2.18 (1.46 to    3.27)","1.31 (0.50 to    3.38)","1.31 (0.67 to   2.56)","1.71 (0.97 to    3.02)","2.18 (1.46 to    3.27)","1.31 (0.50 to    3.38)","1.31 (0.67 to    2.56)",NA,NA,NA,NA,NA,NA,NA,NA,NA,NA,NA,NA,NA,"1.71 (0.97 to    3.02)",NA,"2.18 (1.46 to    3.27)",NA,"1.60 (0.63 to    4.05)",NA,"1.70 (0.84 to    3.42)",NA,"2.04 (0.72 to    5.80)",NA,"3.26 (1.83 to    5.81)",NA,"2.09 (0.67 to   6.48)",NA,"2.09 (0.67 to    6.48)",NA,"1.70 (0.95 to    3.04)",NA,"1.57 (0.85 to    2.91)",NA,"0.45 (0.06 to    3.55)",NA,"0.85 (0.35 to   2.04)","1.70 (0.97 to    2.99)","2.18 (1.46 to    3.25)","1.28 (0.51 to    3.20)","1.30 (0.67 to   2.53)","1.71 (0.97 to    3.02)","2.18 (1.46 to    3.27)","1.31 (0.50 to    3.38)","1.31 (0.67 to    2.56)",NA,NA,NA,"1.57 (0.85 to    2.89)",NA,"2.04 (1.35 to    3.06)",NA,"1.65 (0.61 to    4.45)",NA,"1.76 (0.84 to    3.68)"
"28","2nd-generation EGFR TKIs",NA,NA,NA,NA,NA,NA,NA,NA,NA,NA,NA,NA,NA,NA,NA,NA,"0.94 (0.55 to    1.61)","1.15 (0.71 to    1.88)","1.18 (0.50 to    2.79)","1.07 (0.57 to   2.02)","0.94 (0.55 to    1.61)","1.15 (0.71 to    1.88)","1.18 (0.50 to    2.79)","1.07 (0.57 to    2.02)",NA,NA,NA,NA,NA,NA,NA,NA,NA,NA,NA,NA,NA,"0.94 (0.55 to    1.61)",NA,"1.15 (0.71 to    1.88)",NA,"1.14 (0.48 to    2.70)",NA,"1.04 (0.53 to    2.03)",NA,"1.60 (0.60 to    4.28)",NA,"1.96 (0.92 to    4.21)",NA,"1.14 (0.33 to   3.93)",NA,"1.14 (0.33 to    3.93)",NA,"1.02 (0.59 to    1.74)",NA,"1.05 (0.59 to    1.88)",NA,"0.42 (0.04 to    4.48)",NA,"0.72 (0.27 to   1.90)","0.94 (0.55 to    1.61)","1.15 (0.71 to    1.88)","1.18 (0.51 to    2.71)","1.07 (0.58 to   2.00)","0.94 (0.55 to    1.61)","1.15 (0.71 to    1.88)","1.18 (0.50 to    2.79)","1.07 (0.57 to    2.02)",NA,NA,NA,"0.96 (0.56 to    1.66)",NA,"1.21 (0.74 to    1.99)",NA,"1.13 (0.47 to    2.72)",NA,"1.03 (0.52 to    2.04)"
"29","3rd-generation EGFR TKIs + Amivantamab",NA,NA,NA,NA,NA,NA,NA,NA,NA,NA,NA,NA,NA,NA,NA,NA,"2.12 (0.83 to    5.44)","2.70 (1.15 to    6.34)","3.51 (0.56 to   22.02)","7.17 (2.21 to  23.27)","2.12 (0.83 to    5.44)","2.70 (1.15 to    6.34)","3.51 (0.56 to   22.02)","7.17 (2.21 to   23.27)",NA,NA,NA,NA,NA,NA,NA,NA,NA,NA,NA,NA,NA,"2.12 (0.83 to    5.44)",NA,"2.70 (1.15 to    6.34)",NA,"4.29 (0.68 to   27.13)",NA,"9.30 (2.56 to   33.81)",NA,"1.55 (0.20 to   12.02)",NA,"2.48 (0.39 to   15.81)",NA,"1.13 (0.16 to   8.25)",NA,"1.13 (0.16 to    8.25)",NA,"5.42 (2.20 to   13.32)",NA,"8.94 (3.52 to   22.72)",NA,NA,NA,"0.90 (0.26 to   3.07)","2.11 (0.82 to    5.39)","2.69 (1.15 to    6.31)","3.43 (0.59 to   20.05)","7.14 (2.24 to  22.69)","2.12 (0.83 to    5.44)","2.70 (1.15 to    6.34)","3.51 (0.56 to   22.02)","7.17 (2.21 to   23.27)",NA,NA,NA,"1.95 (0.74 to    5.12)",NA,"2.52 (1.07 to    5.93)",NA,"4.44 (0.66 to   29.72)",NA,"9.62 (2.54 to   36.43)"
"30","1st-generation EGFR TKIs",NA,NA,NA,NA,NA,NA,NA,NA,NA,NA,NA,NA,NA,NA,NA,NA,"1.08 (0.68 to    1.73)","1.51 (1.01 to    2.26)","0.90 (0.44 to    1.84)","0.97 (0.57 to   1.65)","1.08 (0.68 to    1.73)","1.51 (1.01 to    2.26)","0.90 (0.44 to    1.84)","0.97 (0.57 to    1.65)",NA,NA,NA,NA,NA,NA,NA,NA,NA,NA,NA,NA,NA,"1.08 (0.68 to    1.73)",NA,"1.51 (1.01 to    2.26)",NA,"0.84 (0.41 to    1.74)",NA,"0.91 (0.52 to    1.61)",NA,"1.50 (0.59 to    3.83)",NA,"2.51 (1.37 to    4.60)",NA,"1.47 (0.51 to   4.28)",NA,"1.47 (0.51 to    4.28)",NA,"0.82 (0.52 to    1.30)",NA,"0.86 (0.53 to    1.41)",NA,"0.67 (0.11 to    4.17)",NA,"0.77 (0.36 to   1.63)","1.08 (0.68 to    1.73)","1.51 (1.01 to    2.24)","0.90 (0.45 to    1.81)","0.96 (0.57 to   1.64)","1.08 (0.68 to    1.73)","1.51 (1.01 to    2.26)","0.90 (0.44 to    1.84)","0.97 (0.57 to    1.65)",NA,NA,NA,"1.12 (0.69 to    1.80)",NA,"1.62 (1.08 to    2.42)",NA,"0.84 (0.40 to    1.75)",NA,"0.91 (0.51 to    1.61)"
"31","1st-generation EGFR TKIs + antiangiogenesis",NA,NA,NA,NA,NA,NA,NA,NA,NA,NA,NA,NA,NA,NA,NA,NA,"1.33 (0.68 to    2.59)","1.54 (0.93 to    2.55)","3.07 (1.27 to    7.44)","4.63 (2.48 to   8.63)","1.33 (0.68 to    2.59)","1.54 (0.93 to    2.55)","3.07 (1.27 to    7.44)","4.63 (2.48 to    8.63)",NA,NA,NA,NA,NA,NA,NA,NA,NA,NA,NA,NA,NA,"1.33 (0.68 to    2.59)",NA,"1.54 (0.93 to    2.55)",NA,"2.90 (1.19 to    7.06)",NA,"4.46 (2.29 to    8.68)",NA,"1.46 (0.41 to    5.24)",NA,"1.77 (0.83 to    3.80)",NA,"1.71 (0.41 to   7.15)",NA,"2.16 (0.56 to    8.36)",NA,"1.13 (0.62 to    2.07)",NA,"1.01 (0.54 to    1.88)",NA,"4.49 (0.65 to   31.08)",NA,"4.52 (2.04 to   9.99)","1.29 (0.67 to    2.49)","1.52 (0.92 to    2.51)","3.08 (1.30 to    7.27)","4.61 (2.49 to   8.54)","1.33 (0.68 to    2.59)","1.54 (0.93 to    2.55)","3.07 (1.27 to    7.44)","4.63 (2.48 to    8.63)",NA,NA,NA,"1.37 (0.70 to    2.70)",NA,"1.64 (0.98 to    2.74)",NA,"2.88 (1.16 to    7.12)",NA,"4.44 (2.26 to    8.74)"
"32","1st-generation EGFR TKIs + IGF-1R inhibitor",NA,NA,NA,NA,NA,NA,NA,NA,NA,NA,NA,NA,NA,NA,NA,NA,"1.23 (0.41 to    3.71)","1.33 (0.65 to    2.71)","2.17 (0.31 to   15.12)","2.64 (0.83 to   8.42)","1.23 (0.41 to    3.71)","1.33 (0.65 to    2.71)","2.17 (0.31 to   15.12)","2.64 (0.83 to    8.42)",NA,NA,NA,NA,NA,NA,NA,NA,NA,NA,NA,NA,NA,"1.48 (0.52 to    4.25)",NA,"1.44 (0.71 to    2.91)",NA,"2.36 (0.41 to   13.50)",NA,"2.91 (0.88 to    9.63)",NA,"1.42 (0.29 to    6.95)",NA,"1.61 (0.61 to    4.24)",NA,"2.47 (0.25 to  24.53)",NA,"3.29 (0.52 to   20.79)",NA,"1.92 (0.47 to    7.79)",NA,"2.29 (0.72 to    7.29)",NA,"2.02 (0.04 to  105.75)",NA,"2.02 (0.48 to   8.51)","1.46 (0.52 to    4.08)","1.43 (0.71 to    2.88)","2.50 (0.45 to   13.73)","3.01 (1.00 to   9.01)","1.23 (0.41 to    3.71)","1.33 (0.65 to    2.71)","2.17 (0.31 to   15.12)","2.64 (0.83 to    8.42)",NA,NA,NA,"1.53 (0.53 to    4.41)",NA,"1.53 (0.76 to    3.11)",NA,"2.34 (0.40 to   13.64)",NA,"2.90 (0.86 to    9.76)"
"33","1st-generation EGFR TKIs + HER3 inhibitor",NA,NA,NA,NA,NA,NA,NA,NA,NA,NA,NA,NA,NA,NA,NA,NA,NA,NA,NA,NA,NA,NA,NA,NA,NA,NA,NA,NA,NA,NA,NA,NA,NA,NA,NA,NA,NA,"2.40 (0.54 to   10.60)",NA,"3.36 (0.78 to   14.54)",NA,"0.42 (0.04 to    3.91)",NA,"0.45 (0.07 to    3.06)",NA,"1.37 (0.22 to    8.52)",NA,"2.28 (0.42 to   12.31)",NA,"3.78 (0.15 to  95.61)",NA,"3.78 (0.15 to   95.61)",NA,"0.53 (0.11 to    2.46)",NA,"0.55 (0.11 to    2.79)",NA,NA,NA,NA,"2.40 (0.54 to   10.60)","3.34 (0.77 to   14.47)","0.44 (0.05 to    3.90)","0.48 (0.08 to   2.97)",NA,NA,NA,NA,NA,NA,NA,"2.48 (0.56 to   11.00)",NA,"3.59 (0.83 to   15.54)",NA,"0.41 (0.04 to    3.98)",NA,"0.45 (0.07 to    3.08)"
"34","2nd-generation EGFR TKIs + Cetuximab",NA,NA,NA,NA,NA,NA,NA,NA,NA,NA,NA,NA,NA,NA,NA,NA,"0.96 (0.09 to   10.03)","1.18 (0.43 to    3.24)","2.34 (0.27 to   20.24)","1.02 (0.29 to   3.58)","0.96 (0.09 to   10.03)","1.18 (0.43 to    3.24)","2.34 (0.27 to   20.24)","1.02 (0.29 to    3.58)",NA,NA,NA,NA,NA,NA,NA,NA,NA,NA,NA,NA,NA,"0.96 (0.09 to   10.03)",NA,"1.18 (0.43 to    3.24)",NA,"2.25 (0.26 to   19.85)",NA,"0.99 (0.25 to    3.87)",NA,"0.54 (0.02 to   15.59)",NA,"1.26 (0.32 to    4.86)",NA,NA,NA,NA,NA,"2.38 (0.45 to   12.52)",NA,"1.51 (0.37 to    6.16)",NA,"0.14 (0.00 to    9.84)",NA,"0.44 (0.12 to   1.61)","0.96 (0.09 to   10.04)","1.18 (0.43 to    3.23)","2.33 (0.28 to   19.12)","1.02 (0.30 to   3.51)","0.96 (0.09 to   10.03)","1.18 (0.43 to    3.24)","2.34 (0.27 to   20.24)","1.02 (0.29 to    3.58)",NA,NA,NA,"0.99 (0.09 to   10.31)",NA,"1.25 (0.46 to    3.42)",NA,"2.24 (0.25 to   20.27)",NA,"0.98 (0.24 to    3.93)"
"35","1st-generation EGFR TKIs + MET inhibitor",NA,NA,NA,NA,NA,NA,NA,NA,NA,NA,NA,NA,NA,NA,NA,NA,"0.94 (0.44 to    2.01)","1.37 (0.67 to    2.80)","1.24 (0.39 to    3.89)","1.30 (0.56 to   2.99)","0.94 (0.44 to    2.01)","1.37 (0.67 to    2.80)","1.24 (0.39 to    3.89)","1.30 (0.56 to    2.99)",NA,NA,NA,NA,NA,NA,NA,NA,NA,NA,NA,NA,NA,"0.94 (0.44 to    2.01)",NA,"1.37 (0.67 to    2.80)",NA,"1.16 (0.37 to    3.69)",NA,"1.19 (0.49 to    2.92)",NA,"0.92 (0.24 to    3.61)",NA,"1.77 (0.58 to    5.44)",NA,"1.46 (0.30 to   7.01)",NA,"1.46 (0.30 to    7.01)",NA,"1.24 (0.64 to    2.37)",NA,"1.21 (0.59 to    2.47)",NA,"2.00 (0.04 to  104.46)",NA,"2.30 (0.08 to  64.43)","0.94 (0.44 to    2.00)","1.37 (0.68 to    2.76)","1.25 (0.41 to    3.81)","1.30 (0.57 to   2.98)","0.94 (0.44 to    2.01)","1.37 (0.67 to    2.80)","1.24 (0.39 to    3.89)","1.30 (0.56 to    2.99)",NA,NA,NA,"0.97 (0.45 to    2.09)",NA,"1.46 (0.71 to    2.99)",NA,"1.15 (0.35 to    3.71)",NA,"1.18 (0.47 to    2.92)"
"36","2nd-generation EGFR TKIs + HMGCR inhibitor",NA,NA,NA,NA,NA,NA,NA,NA,NA,NA,NA,NA,NA,NA,NA,NA,"0.27 (0.01 to    7.17)","1.56 (0.39 to    6.28)",NA,NA,"0.27 (0.01 to    7.17)","1.56 (0.39 to    6.28)",NA,NA,NA,NA,NA,NA,NA,NA,NA,NA,NA,NA,NA,NA,NA,"0.27 (0.01 to    7.17)",NA,"1.56 (0.39 to    6.28)",NA,NA,NA,NA,NA,"0.46 (0.02 to   13.56)",NA,"2.65 (0.58 to   12.03)",NA,NA,NA,NA,NA,NA,NA,NA,NA,NA,NA,NA,"0.27 (0.01 to    7.18)","1.55 (0.39 to    6.26)","1.05 (0.01 to   75.13)","0.96 (0.02 to  57.31)","0.27 (0.01 to    7.17)","1.56 (0.39 to    6.28)",NA,NA,NA,NA,NA,"0.28 (0.01 to    7.37)",NA,"1.64 (0.41 to    6.62)",NA,NA,NA,NA
"37","Erlotinib + MMP inhibitor","11.14 (0.56 to   221.08)","3.70 (0.76 to   18.03)","0.11 (0.00 to     2.83)","0.22 (0.04 to    1.29)","11.29 (0.57 to  224.31)","3.72 (0.76 to   18.13)","0.11 (0.00 to     2.94)","0.22 (0.04 to    1.30)","11.29 (0.57 to  224.31)","3.72 (0.76 to   18.13)","0.11 (0.00 to     2.94)","0.22 (0.04 to    1.30)","11.29 (0.57 to  224.31)","3.72 (0.76 to   18.13)","0.11 (0.00 to     2.94)","0.22 (0.04 to   1.30)",NA,NA,NA,NA,NA,NA,NA,NA,NA,NA,NA,NA,NA,NA,NA,NA,NA,NA,NA,NA,"11.29 (0.57 to  224.31)",NA,"3.72 (0.76 to   18.13)",NA,"0.11 (0.00 to     2.92)",NA,"0.22 (0.04 to    1.30)",NA,NA,NA,"1.25 (0.13 to   11.96)",NA,"5.57 (0.17 to  182.38)",NA,"5.57 (0.17 to   182.38)",NA,"0.55 (0.11 to    2.87)",NA,"0.60 (0.15 to     2.40)",NA,NA,NA,NA,NA,NA,NA,NA,NA,NA,NA,NA,NA,NA,"0.20 ( 0.05 to   0.89)","11.29 (0.57 to  224.31)",NA,"3.72 (0.76 to   18.13)",NA,"0.11 (0.00 to     2.92)",NA,"0.22 (0.04 to    1.30)",NA
"38","Icotinib","8.66 (0.41 to   181.87)","9.05 (0.43 to  189.35)","0.95 (0.01 to    64.63)","1.04 (0.02 to   61.16)","8.51 (0.40 to  179.94)","9.09 (0.43 to  191.14)",NA,NA,"8.51 (0.40 to  179.94)","9.09 (0.43 to  191.14)",NA,NA,"8.51 (0.40 to  179.94)","9.09 (0.43 to  191.14)",NA,NA,NA,NA,NA,NA,NA,NA,NA,NA,NA,NA,NA,NA,NA,NA,NA,NA,NA,NA,NA,NA,"8.51 (0.40 to  179.94)",NA,"9.09 (0.43 to  191.14)",NA,NA,NA,NA,NA,NA,NA,NA,NA,"17.55 (0.47 to  652.53)",NA,"17.55 (0.47 to   652.53)",NA,NA,NA,NA,NA,NA,NA,NA,NA,NA,NA,NA,NA,NA,NA,NA,NA,NA,NA,"8.51 (0.40 to  179.94)",NA,"9.09 (0.43 to  191.14)",NA,NA,NA,NA,NA
"39","Gefitinib + chemotherapy","1.89 (0.38 to     9.53)","1.45 (0.44 to    4.74)","1.26 (0.33 to     4.77)","1.30 (0.53 to    3.22)","2.96 (0.38 to   23.07)","1.46 (0.43 to    4.98)","1.32 (0.33 to     5.36)","1.31 (0.53 to    3.25)","2.96 (0.38 to   23.07)","1.46 (0.43 to    4.98)","1.32 (0.33 to     5.36)","1.31 (0.53 to    3.25)","2.96 (0.38 to   23.07)","1.46 (0.43 to    4.98)","1.32 (0.33 to     5.36)","1.31 (0.53 to   3.25)",NA,NA,NA,NA,NA,NA,NA,NA,NA,NA,NA,NA,NA,NA,NA,NA,NA,NA,NA,NA,"2.96 (0.38 to   23.07)",NA,"1.46 (0.43 to    4.98)",NA,"1.32 (0.33 to     5.31)",NA,"1.31 (0.53 to    3.24)",NA,NA,NA,"2.62 (0.31 to   22.26)",NA,"7.77 (0.17 to  353.26)",NA,"1.81 (0.08 to    39.02)",NA,"2.02 (0.54 to    7.53)",NA,"1.50 (0.52 to     4.34)",NA,"0.96 (0.08 to    11.62)",NA,"1.04 (0.25 to    4.29)",NA,NA,NA,NA,NA,NA,NA,NA,NA,"1.06 (0.30 to    3.75)","1.16 ( 0.60 to   2.23)","2.96 (0.38 to   23.07)",NA,"1.46 (0.43 to    4.98)",NA,"1.32 (0.33 to     5.31)",NA,"1.31 (0.53 to    3.24)",NA
"40","Gefitinib + PARP inhibitor","3.71 (0.14 to    99.03)","3.88 (0.15 to  103.13)","0.95 (0.01 to    65.31)","1.05 (0.02 to   61.82)","3.65 (0.14 to   97.93)","3.90 (0.15 to  104.07)",NA,NA,"3.65 (0.14 to   97.93)","3.90 (0.15 to  104.07)",NA,NA,"3.65 (0.14 to   97.93)","3.90 (0.15 to  104.07)",NA,NA,NA,NA,NA,NA,NA,NA,NA,NA,NA,NA,NA,NA,NA,NA,NA,NA,NA,NA,NA,NA,"3.65 (0.14 to   97.93)",NA,"3.90 (0.15 to  104.07)",NA,NA,NA,NA,NA,NA,NA,NA,NA,"7.53 (0.17 to  342.91)",NA,"7.53 (0.17 to   342.91)",NA,NA,NA,NA,NA,NA,NA,NA,NA,NA,NA,NA,NA,NA,NA,NA,NA,NA,NA,"3.65 (0.14 to   97.93)",NA,"3.90 (0.15 to  104.07)",NA,NA,NA,NA,NA
"41","Erlotinib + COX2 inhibitor","0.37 (0.01 to     9.72)","0.43 (0.02 to   11.13)","0.98 (0.01 to    65.31)","1.02 (0.02 to   59.89)","0.38 (0.01 to    9.87)","0.43 (0.02 to   11.19)",NA,NA,"0.38 (0.01 to    9.87)","0.43 (0.02 to   11.19)",NA,NA,"0.38 (0.01 to    9.87)","0.43 (0.02 to   11.19)",NA,NA,NA,NA,NA,NA,NA,NA,NA,NA,NA,NA,NA,NA,NA,NA,NA,NA,NA,NA,NA,NA,"0.38 (0.01 to    9.87)",NA,"0.43 (0.02 to   11.19)",NA,NA,NA,NA,NA,NA,NA,NA,NA,NA,NA,NA,NA,"0.32 (0.01 to    8.40)",NA,"0.33 (0.01 to     8.87)",NA,NA,NA,NA,NA,NA,NA,NA,NA,NA,NA,NA,NA,NA,NA,"0.38 (0.01 to    9.87)",NA,"0.43 (0.02 to   11.19)",NA,NA,NA,NA,NA
"42","1st-generation EGFR TKIs + MMP inhibitor",NA,NA,NA,NA,NA,NA,NA,NA,NA,NA,NA,NA,NA,NA,NA,NA,"10.43 (0.53 to  204.74)","4.23 (0.90 to   19.88)","0.10 (0.00 to    2.75)","0.21 (0.04 to   1.21)","10.43 (0.53 to  204.74)","4.23 (0.90 to   19.88)","0.10 (0.00 to    2.75)","0.21 (0.04 to    1.21)",NA,NA,NA,NA,NA,NA,NA,NA,NA,NA,NA,NA,NA,"10.43 (0.53 to  204.74)",NA,"4.23 (0.90 to   19.88)",NA,"0.09 (0.00 to    2.62)",NA,"0.20 (0.03 to    1.24)",NA,NA,NA,"1.51 (0.18 to   12.77)",NA,"4.55 (0.15 to 134.73)",NA,"4.55 (0.15 to  134.73)",NA,"0.45 (0.08 to    2.43)",NA,"0.50 (0.12 to    2.11)",NA,NA,NA,NA,"10.44 (0.53 to  204.83)","4.21 (0.90 to   19.78)","0.10 (0.00 to    2.67)","0.21 (0.04 to   1.20)","10.43 (0.53 to  204.74)","4.23 (0.90 to   19.88)","0.10 (0.00 to    2.75)","0.21 (0.04 to    1.21)",NA,NA,NA,"10.79 (0.55 to  212.09)",NA,"4.51 (0.96 to   21.24)",NA,"0.09 (0.00 to    2.64)",NA,"0.19 (0.03 to    1.25)"
"43","1st-generation EGFR TKIs + PARP inhibitor",NA,NA,NA,NA,NA,NA,NA,NA,NA,NA,NA,NA,NA,NA,NA,NA,"3.28 (0.13 to   84.38)","4.59 (0.18 to  117.06)",NA,NA,"3.28 (0.13 to   84.38)","4.59 (0.18 to  117.06)",NA,NA,NA,NA,NA,NA,NA,NA,NA,NA,NA,NA,NA,NA,NA,"3.28 (0.13 to   84.38)",NA,"4.59 (0.18 to  117.06)",NA,NA,NA,NA,NA,NA,NA,NA,NA,"4.47 (0.15 to 132.17)",NA,"4.47 (0.15 to  132.17)",NA,NA,NA,NA,NA,NA,NA,NA,"3.28 (0.13 to   84.42)","4.57 (0.18 to  116.49)","0.90 (0.01 to   61.70)","0.96 (0.02 to  56.10)","3.28 (0.13 to   84.38)","4.59 (0.18 to  117.06)",NA,NA,NA,NA,NA,"3.39 (0.13 to   87.40)",NA,"4.90 (0.19 to  125.00)",NA,NA,NA,NA
"44","1st-generation EGFR TKIs + COX2 inhibitor",NA,NA,NA,NA,NA,NA,NA,NA,NA,NA,NA,NA,NA,NA,NA,NA,"0.35 (0.01 to    9.01)","0.49 (0.02 to   12.51)",NA,NA,"0.35 (0.01 to    9.01)","0.49 (0.02 to   12.51)",NA,NA,NA,NA,NA,NA,NA,NA,NA,NA,NA,NA,NA,NA,NA,"0.35 (0.01 to    9.01)",NA,"0.49 (0.02 to   12.51)",NA,NA,NA,NA,NA,NA,NA,NA,NA,NA,NA,NA,NA,"0.26 (0.01 to    6.97)",NA,"0.28 (0.01 to    7.62)",NA,NA,NA,NA,"0.35 (0.01 to    9.02)","0.48 (0.02 to   12.45)","0.88 (0.01 to   60.99)","0.95 (0.02 to  55.46)","0.35 (0.01 to    9.01)","0.49 (0.02 to   12.51)",NA,NA,NA,NA,NA,"0.36 (0.01 to    9.34)",NA,"0.52 (0.02 to   13.35)",NA,NA,NA,NA
"45","Gefitinib + antiangiogenesis","1.53 (0.08 to    27.67)","1.60 (0.09 to   28.80)","26.18 (4.70 to   145.69)","12.10 (3.72 to   39.43)",NA,NA,"25.85 (4.41 to   151.71)","12.16 (3.69 to   40.06)",NA,NA,"25.85 (4.41 to   151.71)","12.16 (3.69 to   40.06)",NA,NA,"25.85 (4.41 to   151.71)","12.16 (3.69 to  40.06)",NA,NA,NA,NA,NA,NA,NA,NA,NA,NA,NA,NA,NA,NA,NA,NA,NA,NA,NA,NA,NA,NA,NA,NA,"25.87 (4.46 to   150.23)",NA,"12.14 (3.70 to   39.88)",NA,NA,NA,NA,NA,NA,NA,NA,NA,NA,NA,NA,NA,"26.42 (1.86 to   374.50)",NA,"10.52 (2.31 to   47.93)",NA,NA,NA,NA,NA,NA,NA,NA,NA,"9.89 (2.66 to   36.79)","10.20 ( 4.77 to  21.81)",NA,NA,NA,NA,"25.87 (4.46 to   150.23)",NA,"12.14 (3.70 to   39.88)",NA
"46","Erlotinib + ER inhibitor","1.28 (0.04 to    39.97)","1.40 (0.04 to   43.71)","5.06 (0.17 to   148.42)","2.56 (0.73 to    8.95)",NA,NA,"5.10 (0.17 to   154.28)","2.57 (0.73 to    9.05)",NA,NA,"5.10 (0.17 to   154.28)","2.57 (0.73 to    9.05)",NA,NA,"5.10 (0.17 to   154.28)","2.57 (0.73 to   9.05)",NA,NA,NA,NA,NA,NA,NA,NA,NA,NA,NA,NA,NA,NA,NA,NA,NA,NA,NA,NA,NA,NA,NA,NA,"5.09 (0.17 to   153.02)",NA,"2.56 (0.73 to    9.02)",NA,NA,NA,NA,NA,NA,NA,NA,NA,"5.09 (0.23 to  111.57)",NA,"2.23 (0.78 to     6.38)",NA,NA,NA,NA,NA,NA,NA,NA,NA,NA,NA,NA,NA,NA,"2.33 ( 0.90 to   6.02)",NA,NA,NA,NA,"5.09 (0.17 to   153.02)",NA,"2.56 (0.73 to    9.02)",NA
"47","Erlotinib + HGF inhibitor","0.54 (0.01 to    34.34)","0.15 (0.00 to    5.10)","3.19 (0.09 to   119.17)","0.79 (0.05 to   11.96)",NA,"0.15 (0.00 to    5.12)","3.21 (0.08 to   123.61)","0.79 (0.05 to   12.05)",NA,"0.15 (0.00 to    5.12)","3.21 (0.08 to   123.61)","0.79 (0.05 to   12.05)",NA,"0.15 (0.00 to    5.12)","3.21 (0.08 to   123.61)","0.79 (0.05 to  12.05)",NA,NA,NA,NA,NA,NA,NA,NA,NA,NA,NA,NA,NA,NA,NA,NA,NA,NA,NA,NA,NA,NA,"0.15 (0.00 to    5.12)",NA,"3.20 (0.08 to   122.66)",NA,"0.79 (0.05 to   12.02)",NA,NA,NA,NA,NA,NA,NA,"0.20 (0.00 to     8.60)",NA,"3.20 (0.11 to   91.50)",NA,"0.78 (0.06 to    10.52)",NA,NA,NA,NA,NA,NA,NA,NA,NA,NA,NA,NA,NA,NA,"0.71 ( 0.06 to   9.15)",NA,NA,"0.15 (0.00 to    5.12)",NA,"3.20 (0.08 to   122.66)",NA,"0.79 (0.05 to   12.02)",NA
"48","Erlotinib + Autophagy inhibitor","1.15 (0.02 to    61.87)","2.21 (0.49 to   10.02)","0.33 (0.01 to    11.23)","0.27 (0.06 to    1.17)",NA,"2.22 (0.49 to   10.08)","0.33 (0.01 to    11.66)","0.28 (0.06 to    1.18)",NA,"2.22 (0.49 to   10.08)","0.33 (0.01 to    11.66)","0.28 (0.06 to    1.18)",NA,"2.22 (0.49 to   10.08)","0.33 (0.01 to    11.66)","0.28 (0.06 to   1.18)",NA,NA,NA,NA,NA,NA,NA,NA,NA,NA,NA,NA,NA,NA,NA,NA,NA,NA,NA,NA,NA,NA,"2.22 (0.49 to   10.08)",NA,"0.33 (0.01 to    11.57)",NA,"0.28 (0.06 to    1.18)",NA,NA,NA,"2.08 (0.27 to   16.09)",NA,NA,NA,NA,NA,"0.33 (0.01 to    8.57)",NA,"0.14 (0.01 to     2.92)",NA,NA,NA,"0.43 (0.10 to    1.83)",NA,NA,NA,NA,NA,NA,NA,NA,NA,"0.42 (0.12 to    1.49)","0.25 ( 0.08 to   0.75)",NA,NA,"2.22 (0.49 to   10.08)",NA,"0.33 (0.01 to    11.57)",NA,"0.28 (0.06 to    1.18)",NA
"49","1st-generation EGFR TKIs + ER inhibitor",NA,NA,NA,NA,NA,NA,NA,NA,NA,NA,NA,NA,NA,NA,NA,NA,NA,NA,"4.53 (0.14 to  143.98)","2.79 (0.68 to  11.56)",NA,NA,"4.53 (0.14 to  143.98)","2.79 (0.68 to   11.56)",NA,NA,NA,NA,NA,NA,NA,NA,NA,NA,NA,NA,NA,NA,NA,NA,NA,"4.27 (0.13 to  137.10)",NA,"2.64 (0.58 to   12.02)",NA,NA,NA,NA,NA,NA,NA,NA,NA,"4.15 (0.19 to   92.75)",NA,"2.50 (0.74 to    8.50)",NA,NA,NA,NA,"1.09 (0.02 to   57.23)","1.52 (0.03 to   79.10)","4.55 (0.15 to  139.91)","2.79 (0.68 to  11.38)",NA,NA,"4.53 (0.14 to  143.98)","2.79 (0.68 to   11.56)",NA,NA,NA,NA,NA,NA,NA,"4.23 (0.13 to  138.23)",NA,"2.63 (0.57 to   12.17)"
"50","1st-generation EGFR TKIs + HGF inhibitor",NA,NA,NA,NA,NA,NA,NA,NA,NA,NA,NA,NA,NA,NA,NA,NA,NA,"0.17 (0.00 to    5.73)","2.85 (0.07 to  114.98)","0.73 (0.05 to  11.17)",NA,"0.17 (0.00 to    5.73)","2.85 (0.07 to  114.98)","0.73 (0.05 to   11.17)",NA,NA,NA,NA,NA,NA,NA,NA,NA,NA,NA,NA,NA,NA,NA,"0.17 (0.00 to    5.73)",NA,"2.69 (0.07 to  109.42)",NA,"0.69 (0.04 to   11.12)",NA,NA,NA,NA,NA,NA,NA,"0.16 (0.00 to    6.40)",NA,"2.61 (0.09 to   75.95)",NA,"0.66 (0.05 to    9.08)",NA,NA,NA,NA,"0.50 (0.01 to   31.91)","0.17 (0.00 to    5.70)","2.86 (0.07 to  111.97)","0.73 (0.05 to  11.08)",NA,"0.17 (0.00 to    5.73)","2.85 (0.07 to  114.98)","0.73 (0.05 to   11.17)",NA,NA,NA,NA,NA,"0.18 (0.01 to    6.12)",NA,"2.66 (0.06 to  110.21)",NA,"0.69 (0.04 to   11.16)"
"51","1st-generation EGFR TKIs + Autophagy inhibitor",NA,NA,NA,NA,NA,NA,NA,NA,NA,NA,NA,NA,NA,NA,NA,NA,NA,"2.52 (0.58 to   11.03)","0.29 (0.01 to   10.85)","0.25 (0.06 to   1.10)",NA,"2.52 (0.58 to   11.03)","0.29 (0.01 to   10.85)","0.25 (0.06 to    1.10)",NA,NA,NA,NA,NA,NA,NA,NA,NA,NA,NA,NA,NA,NA,NA,"2.52 (0.58 to   11.03)",NA,"0.27 (0.01 to   10.33)",NA,"0.24 (0.05 to    1.14)",NA,NA,NA,"2.51 (0.37 to   16.95)",NA,NA,NA,NA,NA,"0.27 (0.01 to    7.11)",NA,"0.11 (0.01 to    2.51)",NA,NA,NA,"0.42 (0.10 to   1.76)","1.08 (0.02 to   57.48)","2.51 (0.57 to   10.97)","0.29 (0.01 to   10.56)","0.25 (0.06 to   1.08)",NA,"2.52 (0.58 to   11.03)","0.29 (0.01 to   10.85)","0.25 (0.06 to    1.10)",NA,NA,NA,NA,NA,"2.69 (0.61 to   11.79)",NA,"0.27 (0.01 to   10.41)",NA,"0.24 (0.05 to    1.15)"
"52","Osimertinib + PD-L1 inhibitor","1.99 (0.03 to   114.02)","0.63 (0.03 to   14.89)","1.31 (0.02 to    96.69)","0.52 (0.05 to    5.62)",NA,"0.63 (0.03 to   14.91)",NA,"0.52 (0.05 to    5.66)",NA,"0.63 (0.03 to   14.91)",NA,"0.52 (0.05 to    5.66)",NA,"0.63 (0.03 to   14.91)",NA,"0.52 (0.05 to   5.66)",NA,NA,NA,NA,NA,NA,NA,NA,NA,NA,NA,NA,NA,NA,NA,NA,NA,NA,NA,NA,NA,NA,"0.63 (0.03 to   14.91)",NA,NA,NA,"0.52 (0.05 to    5.65)",NA,NA,NA,"0.83 (0.03 to   20.23)",NA,NA,NA,NA,NA,NA,NA,NA,NA,NA,NA,"0.29 (0.01 to    9.99)",NA,NA,NA,NA,NA,NA,NA,NA,NA,"0.28 (0.01 to    8.96)","0.49 ( 0.06 to   4.23)",NA,NA,"0.63 (0.03 to   14.91)",NA,NA,NA,"0.52 (0.05 to    5.65)",NA
"53","Chemotherapy + antiangiogenesis","1.44 (0.03 to    78.35)","0.22 (0.01 to    4.18)","0.95 (0.01 to    66.65)","0.98 (0.02 to   59.52)",NA,"0.22 (0.01 to    4.19)",NA,NA,NA,"0.22 (0.01 to    4.19)",NA,NA,NA,"0.22 (0.01 to    4.19)",NA,NA,NA,"0.19 (0.01 to    3.55)",NA,NA,NA,"0.19 (0.01 to    3.55)",NA,NA,NA,NA,NA,NA,NA,NA,NA,NA,NA,NA,NA,NA,NA,NA,"0.22 (0.01 to    4.19)","0.19 (0.01 to    3.55)",NA,NA,NA,NA,NA,NA,"0.29 (0.01 to    5.69)","0.28 (0.01 to    5.46)",NA,NA,NA,NA,NA,NA,NA,NA,NA,NA,NA,NA,"1.73 (0.03 to   91.74)","0.19 (0.01 to    3.54)","1.29 (0.02 to   92.88)","1.32 (0.02 to  78.56)",NA,"0.19 (0.01 to    3.55)",NA,NA,NA,NA,NA,NA,"0.22 (0.01 to    4.19)","0.17 (0.01 to    3.32)",NA,NA,NA,NA
"54","3rd-generation EGFR TKIs + PD-L1 inhibitor",NA,NA,NA,NA,NA,NA,NA,NA,NA,NA,NA,NA,NA,NA,NA,NA,NA,"0.54 (0.02 to   12.67)",NA,"0.71 (0.07 to   7.42)",NA,"0.54 (0.02 to   12.67)",NA,"0.71 (0.07 to    7.42)",NA,NA,NA,NA,NA,NA,NA,NA,NA,NA,NA,NA,NA,NA,NA,"0.54 (0.02 to   12.67)",NA,NA,NA,"0.92 (0.08 to   10.21)",NA,NA,NA,"0.81 (0.03 to   19.42)",NA,NA,NA,NA,NA,NA,NA,NA,NA,NA,NA,"0.37 (0.01 to  11.67)","2.38 (0.04 to  133.55)","0.54 (0.02 to   12.62)","1.79 (0.02 to  134.72)","0.70 (0.07 to   7.31)",NA,"0.54 (0.02 to   12.67)",NA,"0.71 (0.07 to    7.42)",NA,NA,NA,NA,NA,"0.51 (0.02 to   11.82)",NA,NA,NA,"0.95 (0.08 to   10.80)"
"55","Befotertinib","8.56 (0.06 to  1230.68)","10.16 (0.47 to  221.32)",NA,NA,NA,"10.20 (0.47 to  223.40)",NA,NA,NA,"10.20 (0.47 to  223.40)",NA,NA,NA,"10.20 (0.47 to  223.40)",NA,NA,NA,NA,NA,NA,NA,NA,NA,NA,NA,NA,NA,NA,NA,NA,NA,NA,NA,NA,NA,NA,NA,NA,"10.20 (0.47 to  223.40)",NA,NA,NA,NA,NA,NA,NA,NA,NA,NA,NA,NA,NA,NA,NA,NA,NA,NA,NA,NA,NA,NA,NA,NA,NA,NA,NA,NA,NA,NA,NA,NA,NA,"10.20 (0.47 to  223.40)",NA,NA,NA,NA,NA
"56","Gefitinib + ER inhibitor","1.14 (0.04 to    35.53)","1.25 (0.04 to   38.85)",NA,"4.04 (1.21 to   13.44)",NA,NA,NA,"4.05 (1.21 to   13.59)",NA,NA,NA,"4.05 (1.21 to   13.59)",NA,NA,NA,"4.05 (1.21 to  13.59)",NA,NA,NA,NA,NA,NA,NA,NA,NA,NA,NA,NA,NA,NA,NA,NA,NA,NA,NA,NA,NA,NA,NA,NA,NA,NA,"4.05 (1.21 to   13.55)",NA,NA,NA,NA,NA,NA,NA,NA,NA,NA,NA,"3.52 (1.31 to     9.49)",NA,NA,NA,NA,NA,NA,NA,NA,NA,NA,NA,NA,NA,NA,"3.67 ( 1.51 to   8.89)",NA,NA,NA,NA,NA,NA,"4.05 (1.21 to   13.55)",NA
"57","Erlotinib + Ramucirumab",NA,NA,NA,NA,NA,NA,NA,NA,NA,NA,NA,NA,NA,NA,NA,NA,NA,NA,NA,NA,NA,NA,NA,NA,"18.79 (0.96 to  369.63)",NA,NA,"3.33 (0.91 to   12.27)",NA,NA,"1.45 (0.15 to   14.15)",NA,NA,"4.96 (1.33 to   18.55)",NA,NA,NA,NA,NA,NA,NA,NA,NA,NA,NA,NA,NA,NA,NA,NA,NA,NA,NA,NA,NA,NA,NA,NA,NA,NA,NA,NA,NA,NA,NA,NA,NA,NA,NA,NA,NA,NA,NA,NA,NA,NA,NA,NA
"58","Vandetanib",NA,NA,NA,NA,NA,NA,NA,NA,NA,NA,NA,NA,NA,NA,NA,NA,NA,NA,NA,NA,NA,NA,NA,NA,"5.75 (1.91 to   17.33)",NA,NA,"7.04 (2.40 to   20.64)",NA,NA,"0.98 (0.17 to    5.72)",NA,NA,"3.85 (1.21 to   12.27)",NA,NA,NA,NA,NA,NA,NA,NA,NA,NA,NA,NA,NA,NA,NA,NA,NA,NA,NA,NA,NA,NA,NA,NA,NA,NA,NA,NA,NA,NA,NA,NA,NA,NA,NA,NA,NA,NA,NA,NA,NA,NA,NA,NA
"59","Cabozantinib",NA,NA,NA,NA,NA,NA,NA,NA,NA,NA,NA,NA,NA,NA,NA,NA,NA,NA,NA,NA,NA,NA,NA,NA,"10.44 (0.48 to  229.36)",NA,NA,"27.60 (1.37 to  557.60)",NA,NA,"37.25 (1.23 to 1129.50)",NA,NA,"8.14 (1.60 to   41.29)",NA,NA,NA,NA,NA,NA,NA,NA,NA,NA,NA,NA,NA,NA,NA,NA,NA,NA,NA,NA,NA,NA,NA,NA,NA,NA,NA,NA,NA,NA,NA,NA,NA,NA,NA,NA,NA,NA,NA,NA,NA,NA,NA,NA
"60","Osimertinib + Bevacizumab",NA,NA,NA,NA,NA,NA,NA,NA,NA,NA,NA,NA,NA,NA,NA,NA,NA,NA,NA,NA,NA,NA,NA,NA,"5.12 (0.86 to   30.59)",NA,NA,"7.78 (3.18 to   19.00)",NA,NA,"1.87 (0.25 to   13.97)",NA,NA,"7.53 (1.73 to   32.76)",NA,NA,NA,NA,NA,NA,NA,NA,NA,NA,NA,NA,NA,NA,NA,NA,NA,NA,NA,NA,NA,NA,NA,NA,NA,NA,NA,NA,NA,NA,NA,NA,NA,NA,NA,NA,NA,NA,NA,NA,NA,NA,NA,NA
"61","Erlotinib + Sunitinib",NA,NA,NA,NA,NA,NA,NA,NA,NA,NA,NA,NA,NA,NA,NA,NA,NA,NA,NA,NA,NA,NA,NA,NA,"1.99 (0.67 to    5.94)",NA,NA,"1.41 (0.58 to    3.42)",NA,NA,"0.53 (0.09 to    3.01)",NA,NA,"1.27 (0.41 to    3.87)",NA,NA,NA,NA,NA,NA,NA,NA,NA,NA,NA,NA,NA,NA,NA,NA,NA,NA,NA,NA,NA,NA,NA,NA,NA,NA,NA,NA,NA,NA,NA,NA,NA,NA,NA,NA,NA,NA,NA,NA,NA,NA,NA,NA
"62","Erlotinib + Bevacizumab",NA,NA,NA,NA,NA,NA,NA,NA,NA,NA,NA,NA,NA,NA,NA,NA,NA,NA,NA,NA,NA,NA,NA,NA,"1.38 (0.52 to    3.64)",NA,NA,"1.38 (0.54 to    3.54)",NA,NA,"3.61 (0.99 to   13.15)",NA,NA,"5.04 (2.04 to   12.41)",NA,NA,NA,NA,NA,NA,NA,NA,NA,NA,NA,NA,NA,NA,NA,NA,NA,NA,NA,NA,NA,NA,NA,NA,NA,NA,NA,NA,NA,NA,NA,NA,NA,NA,NA,NA,NA,NA,NA,NA,NA,NA,NA,NA
"63","Erlotinib + IGF-1R inhibitor(9mg/kg)",NA,NA,NA,NA,"13.11 (0.67 to  255.16)","14.91 (0.77 to  289.38)","4.87 (0.16 to   148.25)","14.08 (0.65 to  307.04)",NA,NA,NA,NA,NA,NA,NA,NA,NA,NA,NA,NA,NA,NA,NA,NA,NA,NA,NA,NA,NA,NA,NA,NA,NA,NA,NA,NA,NA,NA,NA,NA,NA,NA,NA,NA,NA,NA,NA,NA,NA,NA,NA,NA,NA,NA,NA,NA,NA,NA,NA,NA,NA,NA,NA,NA,NA,NA,NA,NA,NA,NA,NA,NA,NA,NA,NA,NA,NA,NA
"64","Erlotinib + HER3 inhibitor(18mg/kg)",NA,NA,NA,NA,"3.84 (0.80 to   18.42)","4.37 (0.92 to   20.83)","0.72 (0.08 to     6.84)","0.75 (0.11 to    5.28)",NA,NA,NA,NA,NA,NA,NA,NA,NA,NA,NA,NA,NA,NA,NA,NA,NA,NA,NA,NA,NA,NA,NA,NA,NA,NA,NA,NA,NA,NA,NA,NA,NA,NA,NA,NA,NA,NA,NA,NA,NA,NA,NA,NA,NA,NA,NA,NA,NA,NA,NA,NA,NA,NA,NA,NA,NA,NA,NA,NA,NA,NA,NA,NA,NA,NA,NA,NA,NA,NA
"65","Rociletinib(625mg)",NA,NA,NA,NA,"2.89 (0.49 to   17.02)","8.61 (2.77 to   26.75)","0.55 (0.02 to    19.43)","0.56 (0.02 to   16.86)",NA,NA,NA,NA,NA,NA,NA,NA,NA,NA,NA,NA,NA,NA,NA,NA,NA,NA,NA,NA,NA,NA,NA,NA,NA,NA,NA,NA,NA,NA,NA,NA,NA,NA,NA,NA,NA,NA,NA,NA,NA,NA,NA,NA,NA,NA,NA,NA,NA,NA,NA,NA,NA,NA,NA,NA,"2.67 (0.46 to   15.41)","9.79 (3.32 to   28.89)","0.48 (0.01 to   18.09)","0.52 (0.02 to   15.62)",NA,NA,NA,NA,NA,NA,NA,NA,NA,NA
"66","Erlotinib + IGF-1R inhibitor(16mg/kg)",NA,NA,NA,NA,NA,NA,NA,NA,"3.45 (0.13 to   90.46)","3.92 (0.15 to  102.62)","5.04 (0.17 to   153.64)","7.44 (0.31 to  175.97)",NA,NA,NA,NA,NA,NA,NA,NA,NA,NA,NA,NA,NA,NA,NA,NA,NA,NA,NA,NA,NA,NA,NA,NA,NA,NA,NA,NA,NA,NA,NA,NA,NA,NA,NA,NA,NA,NA,NA,NA,NA,NA,NA,NA,NA,NA,NA,NA,NA,NA,NA,NA,NA,NA,NA,NA,NA,NA,NA,NA,NA,NA,NA,NA,NA,NA
"67","Erlotinib + HER3 inhibitor(9mg/kg)",NA,NA,NA,NA,NA,NA,NA,NA,"1.66 (0.29 to    9.50)","1.89 (0.33 to   10.75)","0.42 (0.04 to     4.95)","0.43 (0.05 to    3.94)",NA,NA,NA,NA,NA,NA,NA,NA,NA,NA,NA,NA,NA,NA,NA,NA,NA,NA,NA,NA,NA,NA,NA,NA,NA,NA,NA,NA,NA,NA,NA,NA,NA,NA,NA,NA,NA,NA,NA,NA,NA,NA,NA,NA,NA,NA,NA,NA,NA,NA,NA,NA,NA,NA,NA,NA,NA,NA,NA,NA,NA,NA,NA,NA,NA,NA
"68","Rociletinib(500mg)",NA,NA,NA,NA,NA,NA,NA,NA,"0.58 (0.03 to   13.29)","5.26 (1.52 to   18.21)","0.85 (0.02 to    30.69)","0.88 (0.03 to   26.64)",NA,NA,NA,NA,NA,NA,NA,NA,"0.54 (0.02 to   12.14)","5.98 (1.81 to   19.76)","0.76 (0.02 to   28.57)","0.82 (0.03 to   24.69)",NA,NA,NA,NA,NA,NA,NA,NA,NA,NA,NA,NA,NA,NA,NA,NA,NA,NA,NA,NA,NA,NA,NA,NA,NA,NA,NA,NA,NA,NA,NA,NA,NA,NA,NA,NA,NA,NA,NA,NA,NA,NA,NA,NA,NA,NA,NA,NA,NA,NA,NA,NA,NA,NA
"69","1st-generation EGFR TKIs + IGF-1R inhibitor(16mg/kg)",NA,NA,NA,NA,NA,NA,NA,NA,NA,NA,NA,NA,NA,NA,NA,NA,NA,NA,NA,NA,"3.18 (0.12 to   82.64)","4.46 (0.17 to  114.66)","4.48 (0.14 to  143.37)","6.88 (0.29 to  163.13)",NA,NA,NA,NA,NA,NA,NA,NA,NA,NA,NA,NA,NA,NA,NA,NA,NA,NA,NA,NA,NA,NA,NA,NA,NA,NA,NA,NA,NA,NA,NA,NA,NA,NA,NA,NA,NA,NA,NA,NA,NA,NA,NA,NA,NA,NA,NA,NA,NA,NA,NA,NA,NA,NA
"70","1st-generation EGFR TKIs + HER3 inhibitor(9mg/kg)",NA,NA,NA,NA,NA,NA,NA,NA,NA,NA,NA,NA,NA,NA,NA,NA,NA,NA,NA,NA,"1.54 (0.27 to    8.59)","2.15 (0.39 to   11.82)","0.37 (0.03 to    4.70)","0.40 (0.04 to    3.65)",NA,NA,NA,NA,NA,NA,NA,NA,NA,NA,NA,NA,NA,NA,NA,NA,NA,NA,NA,NA,NA,NA,NA,NA,NA,NA,NA,NA,NA,NA,NA,NA,NA,NA,NA,NA,NA,NA,NA,NA,NA,NA,NA,NA,NA,NA,NA,NA,NA,NA,NA,NA,NA,NA
"71","1st-generation EGFR TKIs + IGF-1R inhibitor(9mg/kg)",NA,NA,NA,NA,NA,NA,NA,NA,NA,NA,NA,NA,NA,NA,NA,NA,NA,NA,NA,NA,NA,NA,NA,NA,NA,NA,NA,NA,NA,NA,NA,NA,NA,NA,NA,NA,NA,NA,NA,NA,NA,NA,NA,NA,NA,NA,NA,NA,NA,NA,NA,NA,NA,NA,NA,NA,NA,NA,NA,NA,NA,NA,NA,NA,"12.11 (0.63 to  232.87)","16.96 (0.89 to  322.78)","4.32 (0.14 to  138.33)","13.02 (0.60 to  284.65)",NA,NA,NA,NA,NA,NA,NA,NA,NA,NA
"72","1st-generation EGFR TKIs + HER3 inhibitor(18mg/kg)",NA,NA,NA,NA,NA,NA,NA,NA,NA,NA,NA,NA,NA,NA,NA,NA,NA,NA,NA,NA,NA,NA,NA,NA,NA,NA,NA,NA,NA,NA,NA,NA,NA,NA,NA,NA,NA,NA,NA,NA,NA,NA,NA,NA,NA,NA,NA,NA,NA,NA,NA,NA,NA,NA,NA,NA,NA,NA,NA,NA,NA,NA,NA,NA,"3.55 (0.76 to   16.63)","4.97 (1.08 to   22.83)","0.64 (0.06 to    6.54)","0.69 (0.10 to    4.90)",NA,NA,NA,NA,NA,NA,NA,NA,NA,NA
"73","Erlotinib + Teprotumumab",NA,NA,NA,NA,NA,NA,NA,NA,NA,NA,NA,NA,NA,NA,NA,NA,NA,NA,NA,NA,NA,NA,NA,NA,NA,NA,"9.02 (0.45 to 179.49)",NA,NA,"9.02 (0.45 to 179.49)",NA,NA,"2.55 (0.12 to  51.88)",NA,NA,"6.89 (0.38 to 125.50)",NA,NA,NA,NA,NA,NA,NA,NA,NA,NA,NA,NA,NA,NA,NA,NA,NA,NA,NA,NA,NA,NA,NA,NA,NA,NA,NA,NA,NA,NA,NA,NA,NA,NA,NA,NA,NA,NA,NA,NA,NA,NA
"74","Erlotinib + Figitumumab",NA,NA,NA,NA,NA,NA,NA,NA,NA,NA,NA,NA,NA,NA,NA,NA,NA,NA,NA,NA,NA,NA,NA,NA,NA,NA,"1.58 (0.45 to   5.49)",NA,NA,"1.21 (0.46 to   3.15)",NA,NA,"1.28 (0.25 to   6.63)",NA,NA,"1.90 (0.88 to   4.08)",NA,NA,NA,NA,NA,NA,NA,NA,NA,NA,NA,NA,NA,NA,NA,NA,NA,NA,NA,NA,NA,NA,NA,NA,NA,NA,NA,NA,NA,NA,NA,NA,NA,NA,NA,NA,NA,NA,NA,NA,NA,NA
"75","Erlotinib + Tivantinib",NA,NA,NA,NA,NA,NA,NA,NA,NA,NA,NA,NA,NA,NA,NA,NA,NA,NA,NA,NA,NA,NA,NA,NA,NA,"1.29 (0.44 to  3.78)",NA,NA,"1.36 (0.12 to 15.11)",NA,NA,"0.67 (0.29 to  1.55)",NA,NA,"0.76 (0.36 to  1.59)",NA,NA,NA,NA,NA,NA,NA,NA,NA,NA,NA,NA,NA,NA,NA,NA,NA,NA,NA,NA,NA,NA,NA,NA,NA,NA,NA,NA,NA,NA,NA,NA,NA,NA,NA,NA,NA,NA,NA,NA,NA,NA,NA
"76","Erlotinib + Onartuzumab",NA,NA,NA,NA,NA,NA,NA,NA,NA,NA,NA,NA,NA,NA,NA,NA,NA,NA,NA,NA,NA,NA,NA,NA,NA,"1.06 (0.31 to  3.64)",NA,NA,"1.06 (0.31 to  3.64)",NA,NA,"1.79 (0.68 to  4.72)",NA,NA,"1.92 (0.84 to  4.40)",NA,NA,NA,NA,NA,NA,NA,NA,NA,NA,NA,NA,NA,NA,NA,NA,NA,NA,NA,NA,NA,NA,NA,NA,NA,NA,NA,NA,NA,NA,NA,NA,NA,NA,NA,NA,NA,NA,NA,NA,NA,NA,NA
"77","Erlotinib + Cabozantinib",NA,NA,NA,NA,NA,NA,NA,NA,NA,NA,NA,NA,NA,NA,NA,NA,NA,NA,NA,NA,NA,NA,NA,NA,NA,NA,NA,"4.80 (0.17 to  133.79)",NA,NA,"5.88 (0.17 to  200.08)",NA,NA,"4.68 (0.93 to   23.57)",NA,NA,NA,NA,NA,NA,NA,NA,NA,NA,NA,NA,NA,NA,NA,NA,NA,NA,NA,NA,NA,NA,NA,NA,NA,NA,NA,NA,NA,NA,NA,NA,NA,NA,NA,NA,NA,NA,NA,NA,NA,NA,NA,NA
"78","Gefitinib + Apatinib",NA,NA,NA,NA,NA,NA,NA,NA,NA,NA,NA,NA,NA,NA,NA,NA,NA,NA,NA,NA,NA,NA,NA,NA,NA,NA,NA,NA,NA,NA,"29.49 (2.69 to  322.96)",NA,NA,"9.43 (1.82 to   48.85)",NA,NA,NA,NA,NA,NA,NA,NA,NA,NA,NA,NA,NA,NA,NA,NA,NA,NA,NA,NA,NA,NA,NA,NA,NA,NA,NA,NA,NA,NA,NA,NA,NA,NA,NA,NA,NA,NA,NA,NA,NA,NA,NA,NA
"79","Gefitinib + Bevacizumab",NA,NA,NA,NA,NA,NA,NA,NA,NA,NA,NA,NA,NA,NA,NA,NA,NA,NA,NA,NA,NA,NA,NA,NA,NA,NA,NA,NA,NA,NA,"21.29 (0.44 to 1023.15)",NA,NA,"73.60 (1.81 to 2993.29)",NA,NA,NA,NA,NA,NA,NA,NA,NA,NA,NA,NA,NA,NA,NA,NA,NA,NA,NA,NA,NA,NA,NA,NA,NA,NA,NA,NA,NA,NA,NA,NA,NA,NA,NA,NA,NA,NA,NA,NA,NA,NA,NA,NA
"80","Erlotinib + Sorafenib",NA,NA,NA,NA,NA,NA,NA,NA,NA,NA,NA,NA,NA,NA,NA,NA,NA,NA,NA,NA,NA,NA,NA,NA,NA,NA,NA,NA,NA,NA,"3.52 (0.11 to  114.04)",NA,NA,"6.83 (0.84 to   55.46)",NA,NA,NA,NA,NA,NA,NA,NA,NA,NA,NA,NA,NA,NA,NA,NA,NA,NA,NA,NA,NA,NA,NA,NA,NA,NA,NA,NA,NA,NA,NA,NA,NA,NA,NA,NA,NA,NA,NA,NA,NA,NA,NA,NA
"81","Erlotinib + Pazopanib",NA,NA,NA,NA,NA,NA,NA,NA,NA,NA,NA,NA,NA,NA,NA,NA,NA,NA,NA,NA,NA,NA,NA,NA,NA,NA,NA,NA,NA,NA,"1.45 (0.11 to   19.73)",NA,NA,"1.61 (0.18 to   14.63)",NA,NA,NA,NA,NA,NA,NA,NA,NA,NA,NA,NA,NA,NA,NA,NA,NA,NA,NA,NA,NA,NA,NA,NA,NA,NA,NA,NA,NA,NA,NA,NA,NA,NA,NA,NA,NA,NA,NA,NA,NA,NA,NA,NA
"82","Erlotinib + Linsitinib",NA,NA,NA,NA,NA,NA,NA,NA,NA,NA,NA,NA,NA,NA,NA,NA,NA,NA,NA,NA,NA,NA,NA,NA,NA,NA,NA,NA,NA,NA,NA,NA,"1.75 (0.07 to  46.70)",NA,NA,"2.15 (0.08 to  55.34)",NA,NA,NA,NA,NA,NA,NA,NA,NA,NA,NA,NA,NA,NA,NA,NA,NA,NA,NA,NA,NA,NA,NA,NA,NA,NA,NA,NA,NA,NA,NA,NA,NA,NA,NA,NA,NA,NA,NA,NA,NA,NA
"83","Erlotinib + Emibetuzumab",NA,NA,NA,NA,NA,NA,NA,NA,NA,NA,NA,NA,NA,NA,NA,NA,NA,NA,NA,NA,NA,NA,NA,NA,NA,NA,NA,NA,NA,NA,NA,"0.57 (0.05 to  6.13)",NA,NA,"0.69 (0.07 to  7.30)",NA,NA,NA,NA,NA,NA,NA,NA,NA,NA,NA,NA,NA,NA,NA,NA,NA,NA,NA,NA,NA,NA,NA,NA,NA,NA,NA,NA,NA,NA,NA,NA,NA,NA,NA,NA,NA,NA,NA,NA,NA,NA,NA
