"Comparison","Number of studies","Within-study bias","Reporting bias","Indirectness","Imprecision","Heterogeneity","Incoherence","Confidence rating","Reason(s) for downgrading"
"1st-generation EGFR TKIs:1st-generation EGFR TKIs + Autophagy inhibitor",1,"Some concerns","Low risk","No concerns","Major concerns","No concerns","No concerns","High","[]"
"1st-generation EGFR TKIs:1st-generation EGFR TKIs + ER inhibitor",1,"Some concerns","Low risk","No concerns","Major concerns","No concerns","No concerns","High","[]"
"1st-generation EGFR TKIs:1st-generation EGFR TKIs + HER3 inhibitor(9mg/kg)",1,"No concerns","Low risk","Some concerns","Major concerns","No concerns","No concerns","High","[]"
"1st-generation EGFR TKIs:1st-generation EGFR TKIs + HGF inhibitor",1,"Some concerns","Low risk","No concerns","Major concerns","No concerns","No concerns","High","[]"
"1st-generation EGFR TKIs:1st-generation EGFR TKIs + IGF-1R inhibitor",2,"Some concerns","Low risk","No concerns","Major concerns","No concerns","No concerns","High","[]"
"1st-generation EGFR TKIs:1st-generation EGFR TKIs + IGF-1R inhibitor(16mg/kg)",1,"No concerns","Low risk","Some concerns","Major concerns","No concerns","No concerns","High","[]"
"1st-generation EGFR TKIs:1st-generation EGFR TKIs + MET inhibitor",5,"No concerns","Low risk","No concerns","Major concerns","No concerns","No concerns","High","[]"
"1st-generation EGFR TKIs:1st-generation EGFR TKIs + MMP inhibitor",1,"Some concerns","Low risk","No concerns","Major concerns","No concerns","No concerns","High","[]"
"1st-generation EGFR TKIs:1st-generation EGFR TKIs + antiangiogenesis",15,"No concerns","Low risk","No concerns","No concerns","Major concerns","Major concerns","High","[]"
"1st-generation EGFR TKIs:1st-generation EGFR TKIs + chemotherapy",6,"Some concerns","Low risk","No concerns","Major concerns","No concerns","No concerns","High","[]"
"1st-generation EGFR TKIs:2nd-generation EGFR TKIs",5,"Some concerns","Low risk","No concerns","Major concerns","No concerns","No concerns","High","[]"
"1st-generation EGFR TKIs:3rd-generation EGFR TKIs",3,"Some concerns","Low risk","No concerns","Major concerns","No concerns","No concerns","High","[]"
"1st-generation EGFR TKIs:Antiangiogenesis",3,"Some concerns","Low risk","No concerns","No concerns","Major concerns","Major concerns","High","[]"
"1st-generation EGFR TKIs:Chemotherapy",12,"Some concerns","Low risk","No concerns","Some concerns","Some concerns","No concerns","High","[]"
"1st-generation EGFR TKIs:DHFR inhibitor",1,"Some concerns","Low risk","No concerns","Major concerns","No concerns","No concerns","High","[]"
"1st-generation EGFR TKIs:Placebo",5,"No concerns","Low risk","No concerns","Major concerns","No concerns","No concerns","High","[]"
"1st-generation EGFR TKIs:Rociletinib(500mg)",1,"Some concerns","Low risk","Some concerns","Major concerns","No concerns","No concerns","High","[]"
"1st-generation EGFR TKIs + antiangiogenesis:Antiangiogenesis",1,"Some concerns","Low risk","No concerns","Major concerns","No concerns","Some concerns","High","[]"
"1st-generation EGFR TKIs + chemotherapy:Chemotherapy",1,"Some concerns","Low risk","No concerns","Major concerns","No concerns","No concerns","High","[]"
"2nd-generation EGFR TKIs:2nd-generation EGFR TKIs + Cetuximab",1,"Some concerns","Low risk","No concerns","Major concerns","No concerns","No concerns","High","[]"
"2nd-generation EGFR TKIs:Chemotherapy",2,"Some concerns","Low risk","No concerns","Major concerns","No concerns","No concerns","High","[]"
"2nd-generation EGFR TKIs:Placebo",2,"Some concerns","Low risk","No concerns","Major concerns","No concerns","No concerns","High","[]"
"3rd-generation EGFR TKIs:3rd-generation EGFR TKIs + Amivantamab",1,"Some concerns","Low risk","No concerns","Major concerns","No concerns","No concerns","High","[]"
"3rd-generation EGFR TKIs:3rd-generation EGFR TKIs + antiangiogenesis",3,"Some concerns","Low risk","No concerns","Major concerns","No concerns","No concerns","High","[]"
"3rd-generation EGFR TKIs:3rd-generation EGFR TKIs + chemotherapy",2,"Some concerns","Low risk","No concerns","Major concerns","No concerns","No concerns","High","[]"
"3rd-generation EGFR TKIs:Chemotherapy",1,"Some concerns","Low risk","No concerns","Major concerns","No concerns","No concerns","High","[]"
"3rd-generation EGFR TKIs:Placebo",2,"No concerns","Low risk","No concerns","Major concerns","No concerns","No concerns","High","[]"
"1st-generation EGFR TKIs:2nd-generation EGFR TKIs + Cetuximab",0,"Some concerns","Low risk","No concerns","Major concerns","No concerns","No concerns","High","[]"
"1st-generation EGFR TKIs:3rd-generation EGFR TKIs + Amivantamab",0,"Some concerns","Low risk","No concerns","Major concerns","No concerns","No concerns","High","[]"
"1st-generation EGFR TKIs:3rd-generation EGFR TKIs + antiangiogenesis",0,"Some concerns","Low risk","No concerns","Major concerns","No concerns","No concerns","High","[]"
"1st-generation EGFR TKIs:3rd-generation EGFR TKIs + chemotherapy",0,"Some concerns","Low risk","No concerns","Major concerns","No concerns","No concerns","High","[]"
"1st-generation EGFR TKIs + Autophagy inhibitor:1st-generation EGFR TKIs + ER inhibitor",0,"Some concerns","Low risk","No concerns","Major concerns","No concerns","No concerns","High","[]"
"1st-generation EGFR TKIs + Autophagy inhibitor:1st-generation EGFR TKIs + HER3 inhibitor(9mg/kg)",0,"Some concerns","Low risk","Some concerns","Major concerns","No concerns","No concerns","High","[]"
"1st-generation EGFR TKIs + Autophagy inhibitor:1st-generation EGFR TKIs + HGF inhibitor",0,"Some concerns","Low risk","No concerns","Major concerns","No concerns","No concerns","High","[]"
"1st-generation EGFR TKIs + Autophagy inhibitor:1st-generation EGFR TKIs + IGF-1R inhibitor",0,"Some concerns","Low risk","No concerns","Major concerns","No concerns","No concerns","High","[]"
"1st-generation EGFR TKIs + Autophagy inhibitor:1st-generation EGFR TKIs + IGF-1R inhibitor(16mg/kg)",0,"Some concerns","Low risk","Some concerns","Major concerns","No concerns","No concerns","High","[]"
"1st-generation EGFR TKIs + Autophagy inhibitor:1st-generation EGFR TKIs + MET inhibitor",0,"Some concerns","Low risk","No concerns","Major concerns","No concerns","No concerns","High","[]"
"1st-generation EGFR TKIs + Autophagy inhibitor:1st-generation EGFR TKIs + MMP inhibitor",0,"Some concerns","Low risk","No concerns","Major concerns","No concerns","No concerns","High","[]"
"1st-generation EGFR TKIs + antiangiogenesis:1st-generation EGFR TKIs + Autophagy inhibitor",0,"Some concerns","Low risk","No concerns","Major concerns","No concerns","No concerns","High","[]"
"1st-generation EGFR TKIs + Autophagy inhibitor:1st-generation EGFR TKIs + chemotherapy",0,"Some concerns","Low risk","No concerns","Major concerns","No concerns","No concerns","High","[]"
"1st-generation EGFR TKIs + Autophagy inhibitor:2nd-generation EGFR TKIs",0,"Some concerns","Low risk","No concerns","Major concerns","No concerns","No concerns","High","[]"
"1st-generation EGFR TKIs + Autophagy inhibitor:2nd-generation EGFR TKIs + Cetuximab",0,"Some concerns","Low risk","No concerns","Major concerns","No concerns","No concerns","High","[]"
"1st-generation EGFR TKIs + Autophagy inhibitor:3rd-generation EGFR TKIs",0,"Some concerns","Low risk","No concerns","Major concerns","No concerns","No concerns","High","[]"
"1st-generation EGFR TKIs + Autophagy inhibitor:3rd-generation EGFR TKIs + Amivantamab",0,"Some concerns","Low risk","No concerns","Major concerns","No concerns","No concerns","High","[]"
"1st-generation EGFR TKIs + Autophagy inhibitor:3rd-generation EGFR TKIs + antiangiogenesis",0,"Some concerns","Low risk","No concerns","Major concerns","No concerns","No concerns","High","[]"
"1st-generation EGFR TKIs + Autophagy inhibitor:3rd-generation EGFR TKIs + chemotherapy",0,"Some concerns","Low risk","No concerns","Major concerns","No concerns","No concerns","High","[]"
"1st-generation EGFR TKIs + Autophagy inhibitor:Antiangiogenesis",0,"Some concerns","Low risk","No concerns","Major concerns","No concerns","No concerns","High","[]"
"1st-generation EGFR TKIs + Autophagy inhibitor:Chemotherapy",0,"Some concerns","Low risk","No concerns","Major concerns","No concerns","No concerns","High","[]"
"1st-generation EGFR TKIs + Autophagy inhibitor:DHFR inhibitor",0,"Some concerns","Low risk","No concerns","Major concerns","No concerns","No concerns","High","[]"
"1st-generation EGFR TKIs + Autophagy inhibitor:Placebo",0,"Some concerns","Low risk","No concerns","Major concerns","No concerns","No concerns","High","[]"
"1st-generation EGFR TKIs + Autophagy inhibitor:Rociletinib(500mg)",0,"Some concerns","Low risk","Some concerns","Major concerns","No concerns","No concerns","High","[]"
"1st-generation EGFR TKIs + ER inhibitor:1st-generation EGFR TKIs + HER3 inhibitor(9mg/kg)",0,"Some concerns","Low risk","Some concerns","Major concerns","No concerns","No concerns","High","[]"
"1st-generation EGFR TKIs + ER inhibitor:1st-generation EGFR TKIs + HGF inhibitor",0,"Some concerns","Low risk","No concerns","Major concerns","No concerns","No concerns","High","[]"
"1st-generation EGFR TKIs + ER inhibitor:1st-generation EGFR TKIs + IGF-1R inhibitor",0,"Some concerns","Low risk","No concerns","Major concerns","No concerns","No concerns","High","[]"
"1st-generation EGFR TKIs + ER inhibitor:1st-generation EGFR TKIs + IGF-1R inhibitor(16mg/kg)",0,"Some concerns","Low risk","Some concerns","Major concerns","No concerns","No concerns","High","[]"
"1st-generation EGFR TKIs + ER inhibitor:1st-generation EGFR TKIs + MET inhibitor",0,"Some concerns","Low risk","No concerns","Major concerns","No concerns","No concerns","High","[]"
"1st-generation EGFR TKIs + ER inhibitor:1st-generation EGFR TKIs + MMP inhibitor",0,"Some concerns","Low risk","No concerns","Major concerns","No concerns","No concerns","High","[]"
"1st-generation EGFR TKIs + antiangiogenesis:1st-generation EGFR TKIs + ER inhibitor",0,"Some concerns","Low risk","No concerns","Major concerns","No concerns","No concerns","High","[]"
"1st-generation EGFR TKIs + chemotherapy:1st-generation EGFR TKIs + ER inhibitor",0,"Some concerns","Low risk","No concerns","Major concerns","No concerns","No concerns","High","[]"
"1st-generation EGFR TKIs + ER inhibitor:2nd-generation EGFR TKIs",0,"Some concerns","Low risk","No concerns","Major concerns","No concerns","No concerns","High","[]"
"1st-generation EGFR TKIs + ER inhibitor:2nd-generation EGFR TKIs + Cetuximab",0,"Some concerns","Low risk","No concerns","Major concerns","No concerns","No concerns","High","[]"
"1st-generation EGFR TKIs + ER inhibitor:3rd-generation EGFR TKIs",0,"Some concerns","Low risk","No concerns","Major concerns","No concerns","No concerns","High","[]"
"1st-generation EGFR TKIs + ER inhibitor:3rd-generation EGFR TKIs + Amivantamab",0,"Some concerns","Low risk","No concerns","Major concerns","No concerns","No concerns","High","[]"
"1st-generation EGFR TKIs + ER inhibitor:3rd-generation EGFR TKIs + antiangiogenesis",0,"Some concerns","Low risk","No concerns","Major concerns","No concerns","No concerns","High","[]"
"1st-generation EGFR TKIs + ER inhibitor:3rd-generation EGFR TKIs + chemotherapy",0,"Some concerns","Low risk","No concerns","Major concerns","No concerns","No concerns","High","[]"
"1st-generation EGFR TKIs + ER inhibitor:Antiangiogenesis",0,"Some concerns","Low risk","No concerns","Major concerns","No concerns","No concerns","High","[]"
"1st-generation EGFR TKIs + ER inhibitor:Chemotherapy",0,"Some concerns","Low risk","No concerns","Major concerns","No concerns","No concerns","High","[]"
"1st-generation EGFR TKIs + ER inhibitor:DHFR inhibitor",0,"Some concerns","Low risk","No concerns","Major concerns","No concerns","No concerns","High","[]"
"1st-generation EGFR TKIs + ER inhibitor:Placebo",0,"Some concerns","Low risk","No concerns","Major concerns","No concerns","No concerns","High","[]"
"1st-generation EGFR TKIs + ER inhibitor:Rociletinib(500mg)",0,"Some concerns","Low risk","Some concerns","Major concerns","No concerns","No concerns","High","[]"
"1st-generation EGFR TKIs + HER3 inhibitor(9mg/kg):1st-generation EGFR TKIs + HGF inhibitor",0,"Some concerns","Low risk","Some concerns","Major concerns","No concerns","No concerns","High","[]"
"1st-generation EGFR TKIs + HER3 inhibitor(9mg/kg):1st-generation EGFR TKIs + IGF-1R inhibitor",0,"No concerns","Low risk","Some concerns","Major concerns","No concerns","No concerns","High","[]"
"1st-generation EGFR TKIs + HER3 inhibitor(9mg/kg):1st-generation EGFR TKIs + IGF-1R inhibitor(16mg/kg)",0,"No concerns","Low risk","Some concerns","Major concerns","No concerns","No concerns","High","[]"
"1st-generation EGFR TKIs + HER3 inhibitor(9mg/kg):1st-generation EGFR TKIs + MET inhibitor",0,"No concerns","Low risk","Some concerns","Major concerns","No concerns","No concerns","High","[]"
"1st-generation EGFR TKIs + HER3 inhibitor(9mg/kg):1st-generation EGFR TKIs + MMP inhibitor",0,"Some concerns","Low risk","Some concerns","Major concerns","No concerns","No concerns","High","[]"
"1st-generation EGFR TKIs + antiangiogenesis:1st-generation EGFR TKIs + HER3 inhibitor(9mg/kg)",0,"No concerns","Low risk","No concerns","Major concerns","No concerns","No concerns","High","[]"
"1st-generation EGFR TKIs + chemotherapy:1st-generation EGFR TKIs + HER3 inhibitor(9mg/kg)",0,"Some concerns","Low risk","No concerns","Major concerns","No concerns","No concerns","High","[]"
"1st-generation EGFR TKIs + HER3 inhibitor(9mg/kg):2nd-generation EGFR TKIs",0,"No concerns","Low risk","No concerns","Major concerns","No concerns","No concerns","High","[]"
"1st-generation EGFR TKIs + HER3 inhibitor(9mg/kg):2nd-generation EGFR TKIs + Cetuximab",0,"Some concerns","Low risk","No concerns","Major concerns","No concerns","No concerns","High","[]"
"1st-generation EGFR TKIs + HER3 inhibitor(9mg/kg):3rd-generation EGFR TKIs",0,"No concerns","Low risk","No concerns","Major concerns","No concerns","No concerns","High","[]"
"1st-generation EGFR TKIs + HER3 inhibitor(9mg/kg):3rd-generation EGFR TKIs + Amivantamab",0,"Some concerns","Low risk","No concerns","Major concerns","No concerns","No concerns","High","[]"
"1st-generation EGFR TKIs + HER3 inhibitor(9mg/kg):3rd-generation EGFR TKIs + antiangiogenesis",0,"No concerns","Low risk","No concerns","Major concerns","No concerns","No concerns","High","[]"
"1st-generation EGFR TKIs + HER3 inhibitor(9mg/kg):3rd-generation EGFR TKIs + chemotherapy",0,"Some concerns","Low risk","No concerns","Major concerns","No concerns","No concerns","High","[]"
"1st-generation EGFR TKIs + HER3 inhibitor(9mg/kg):Antiangiogenesis",0,"No concerns","Low risk","No concerns","Major concerns","No concerns","No concerns","High","[]"
"1st-generation EGFR TKIs + HER3 inhibitor(9mg/kg):Chemotherapy",0,"Some concerns","Low risk","No concerns","Major concerns","No concerns","No concerns","High","[]"
"1st-generation EGFR TKIs + HER3 inhibitor(9mg/kg):DHFR inhibitor",0,"Some concerns","Low risk","Some concerns","Major concerns","No concerns","No concerns","High","[]"
"1st-generation EGFR TKIs + HER3 inhibitor(9mg/kg):Placebo",0,"No concerns","Low risk","No concerns","Major concerns","No concerns","No concerns","High","[]"
"1st-generation EGFR TKIs + HER3 inhibitor(9mg/kg):Rociletinib(500mg)",0,"Some concerns","Low risk","Some concerns","Major concerns","No concerns","No concerns","High","[]"
"1st-generation EGFR TKIs + HGF inhibitor:1st-generation EGFR TKIs + IGF-1R inhibitor",0,"Some concerns","Low risk","No concerns","Major concerns","No concerns","No concerns","High","[]"
"1st-generation EGFR TKIs + HGF inhibitor:1st-generation EGFR TKIs + IGF-1R inhibitor(16mg/kg)",0,"Some concerns","Low risk","Some concerns","Major concerns","No concerns","No concerns","High","[]"
"1st-generation EGFR TKIs + HGF inhibitor:1st-generation EGFR TKIs + MET inhibitor",0,"Some concerns","Low risk","No concerns","Major concerns","No concerns","No concerns","High","[]"
"1st-generation EGFR TKIs + HGF inhibitor:1st-generation EGFR TKIs + MMP inhibitor",0,"Some concerns","Low risk","No concerns","Major concerns","No concerns","No concerns","High","[]"
"1st-generation EGFR TKIs + antiangiogenesis:1st-generation EGFR TKIs + HGF inhibitor",0,"Some concerns","Low risk","No concerns","Major concerns","No concerns","No concerns","High","[]"
"1st-generation EGFR TKIs + chemotherapy:1st-generation EGFR TKIs + HGF inhibitor",0,"Some concerns","Low risk","No concerns","Major concerns","No concerns","No concerns","High","[]"
"1st-generation EGFR TKIs + HGF inhibitor:2nd-generation EGFR TKIs",0,"Some concerns","Low risk","No concerns","Major concerns","No concerns","No concerns","High","[]"
"1st-generation EGFR TKIs + HGF inhibitor:2nd-generation EGFR TKIs + Cetuximab",0,"Some concerns","Low risk","No concerns","Major concerns","No concerns","No concerns","High","[]"
"1st-generation EGFR TKIs + HGF inhibitor:3rd-generation EGFR TKIs",0,"Some concerns","Low risk","No concerns","Major concerns","No concerns","No concerns","High","[]"
"1st-generation EGFR TKIs + HGF inhibitor:3rd-generation EGFR TKIs + Amivantamab",0,"Some concerns","Low risk","No concerns","Major concerns","No concerns","No concerns","High","[]"
"1st-generation EGFR TKIs + HGF inhibitor:3rd-generation EGFR TKIs + antiangiogenesis",0,"Some concerns","Low risk","No concerns","Major concerns","No concerns","No concerns","High","[]"
"1st-generation EGFR TKIs + HGF inhibitor:3rd-generation EGFR TKIs + chemotherapy",0,"Some concerns","Low risk","No concerns","Major concerns","No concerns","No concerns","High","[]"
"1st-generation EGFR TKIs + HGF inhibitor:Antiangiogenesis",0,"Some concerns","Low risk","No concerns","Major concerns","No concerns","No concerns","High","[]"
"1st-generation EGFR TKIs + HGF inhibitor:Chemotherapy",0,"Some concerns","Low risk","No concerns","Major concerns","No concerns","No concerns","High","[]"
"1st-generation EGFR TKIs + HGF inhibitor:DHFR inhibitor",0,"Some concerns","Low risk","No concerns","Major concerns","No concerns","No concerns","High","[]"
"1st-generation EGFR TKIs + HGF inhibitor:Placebo",0,"Some concerns","Low risk","No concerns","Major concerns","No concerns","No concerns","High","[]"
"1st-generation EGFR TKIs + HGF inhibitor:Rociletinib(500mg)",0,"Some concerns","Low risk","Some concerns","Major concerns","No concerns","No concerns","High","[]"
"1st-generation EGFR TKIs + IGF-1R inhibitor:1st-generation EGFR TKIs + IGF-1R inhibitor(16mg/kg)",0,"No concerns","Low risk","Some concerns","Major concerns","No concerns","No concerns","High","[]"
"1st-generation EGFR TKIs + IGF-1R inhibitor:1st-generation EGFR TKIs + MET inhibitor",0,"Some concerns","Low risk","No concerns","Major concerns","No concerns","No concerns","High","[]"
"1st-generation EGFR TKIs + IGF-1R inhibitor:1st-generation EGFR TKIs + MMP inhibitor",0,"Some concerns","Low risk","No concerns","Major concerns","No concerns","No concerns","High","[]"
"1st-generation EGFR TKIs + antiangiogenesis:1st-generation EGFR TKIs + IGF-1R inhibitor",0,"Some concerns","Low risk","No concerns","Major concerns","No concerns","No concerns","High","[]"
"1st-generation EGFR TKIs + chemotherapy:1st-generation EGFR TKIs + IGF-1R inhibitor",0,"Some concerns","Low risk","No concerns","Major concerns","No concerns","No concerns","High","[]"
"1st-generation EGFR TKIs + IGF-1R inhibitor:2nd-generation EGFR TKIs",0,"Some concerns","Low risk","No concerns","Major concerns","No concerns","No concerns","High","[]"
"1st-generation EGFR TKIs + IGF-1R inhibitor:2nd-generation EGFR TKIs + Cetuximab",0,"Some concerns","Low risk","No concerns","Major concerns","No concerns","No concerns","High","[]"
"1st-generation EGFR TKIs + IGF-1R inhibitor:3rd-generation EGFR TKIs",0,"Some concerns","Low risk","No concerns","Major concerns","No concerns","No concerns","High","[]"
"1st-generation EGFR TKIs + IGF-1R inhibitor:3rd-generation EGFR TKIs + Amivantamab",0,"Some concerns","Low risk","No concerns","Major concerns","No concerns","No concerns","High","[]"
"1st-generation EGFR TKIs + IGF-1R inhibitor:3rd-generation EGFR TKIs + antiangiogenesis",0,"Some concerns","Low risk","No concerns","Major concerns","No concerns","No concerns","High","[]"
"1st-generation EGFR TKIs + IGF-1R inhibitor:3rd-generation EGFR TKIs + chemotherapy",0,"Some concerns","Low risk","No concerns","Major concerns","No concerns","No concerns","High","[]"
"1st-generation EGFR TKIs + IGF-1R inhibitor:Antiangiogenesis",0,"Some concerns","Low risk","No concerns","Major concerns","No concerns","No concerns","High","[]"
"1st-generation EGFR TKIs + IGF-1R inhibitor:Chemotherapy",0,"Some concerns","Low risk","No concerns","Major concerns","No concerns","No concerns","High","[]"
"1st-generation EGFR TKIs + IGF-1R inhibitor:DHFR inhibitor",0,"Some concerns","Low risk","No concerns","Major concerns","No concerns","No concerns","High","[]"
"1st-generation EGFR TKIs + IGF-1R inhibitor:Placebo",0,"Some concerns","Low risk","No concerns","Major concerns","No concerns","No concerns","High","[]"
"1st-generation EGFR TKIs + IGF-1R inhibitor:Rociletinib(500mg)",0,"Some concerns","Low risk","Some concerns","Major concerns","No concerns","No concerns","High","[]"
"1st-generation EGFR TKIs + IGF-1R inhibitor(16mg/kg):1st-generation EGFR TKIs + MET inhibitor",0,"No concerns","Low risk","Some concerns","Major concerns","No concerns","No concerns","High","[]"
"1st-generation EGFR TKIs + IGF-1R inhibitor(16mg/kg):1st-generation EGFR TKIs + MMP inhibitor",0,"Some concerns","Low risk","Some concerns","Major concerns","No concerns","No concerns","High","[]"
"1st-generation EGFR TKIs + antiangiogenesis:1st-generation EGFR TKIs + IGF-1R inhibitor(16mg/kg)",0,"No concerns","Low risk","No concerns","Major concerns","No concerns","No concerns","High","[]"
"1st-generation EGFR TKIs + chemotherapy:1st-generation EGFR TKIs + IGF-1R inhibitor(16mg/kg)",0,"Some concerns","Low risk","No concerns","Major concerns","No concerns","No concerns","High","[]"
"1st-generation EGFR TKIs + IGF-1R inhibitor(16mg/kg):2nd-generation EGFR TKIs",0,"No concerns","Low risk","No concerns","Major concerns","No concerns","No concerns","High","[]"
"1st-generation EGFR TKIs + IGF-1R inhibitor(16mg/kg):2nd-generation EGFR TKIs + Cetuximab",0,"Some concerns","Low risk","No concerns","Major concerns","No concerns","No concerns","High","[]"
"1st-generation EGFR TKIs + IGF-1R inhibitor(16mg/kg):3rd-generation EGFR TKIs",0,"No concerns","Low risk","No concerns","Major concerns","No concerns","No concerns","High","[]"
"1st-generation EGFR TKIs + IGF-1R inhibitor(16mg/kg):3rd-generation EGFR TKIs + Amivantamab",0,"Some concerns","Low risk","No concerns","Major concerns","No concerns","No concerns","High","[]"
"1st-generation EGFR TKIs + IGF-1R inhibitor(16mg/kg):3rd-generation EGFR TKIs + antiangiogenesis",0,"No concerns","Low risk","No concerns","Major concerns","No concerns","No concerns","High","[]"
"1st-generation EGFR TKIs + IGF-1R inhibitor(16mg/kg):3rd-generation EGFR TKIs + chemotherapy",0,"Some concerns","Low risk","No concerns","Major concerns","No concerns","No concerns","High","[]"
"1st-generation EGFR TKIs + IGF-1R inhibitor(16mg/kg):Antiangiogenesis",0,"No concerns","Low risk","No concerns","Major concerns","No concerns","No concerns","High","[]"
"1st-generation EGFR TKIs + IGF-1R inhibitor(16mg/kg):Chemotherapy",0,"Some concerns","Low risk","No concerns","Major concerns","No concerns","No concerns","High","[]"
"1st-generation EGFR TKIs + IGF-1R inhibitor(16mg/kg):DHFR inhibitor",0,"Some concerns","Low risk","Some concerns","Major concerns","No concerns","No concerns","High","[]"
"1st-generation EGFR TKIs + IGF-1R inhibitor(16mg/kg):Placebo",0,"No concerns","Low risk","No concerns","Major concerns","No concerns","No concerns","High","[]"
"1st-generation EGFR TKIs + IGF-1R inhibitor(16mg/kg):Rociletinib(500mg)",0,"Some concerns","Low risk","Some concerns","Major concerns","No concerns","No concerns","High","[]"
"1st-generation EGFR TKIs + MET inhibitor:1st-generation EGFR TKIs + MMP inhibitor",0,"Some concerns","Low risk","No concerns","Major concerns","No concerns","No concerns","High","[]"
"1st-generation EGFR TKIs + antiangiogenesis:1st-generation EGFR TKIs + MET inhibitor",0,"No concerns","Low risk","No concerns","Some concerns","Some concerns","No concerns","High","[]"
"1st-generation EGFR TKIs + chemotherapy:1st-generation EGFR TKIs + MET inhibitor",0,"Some concerns","Low risk","No concerns","Major concerns","No concerns","No concerns","High","[]"
"1st-generation EGFR TKIs + MET inhibitor:2nd-generation EGFR TKIs",0,"Some concerns","Low risk","No concerns","Major concerns","No concerns","No concerns","High","[]"
"1st-generation EGFR TKIs + MET inhibitor:2nd-generation EGFR TKIs + Cetuximab",0,"Some concerns","Low risk","No concerns","Major concerns","No concerns","No concerns","High","[]"
"1st-generation EGFR TKIs + MET inhibitor:3rd-generation EGFR TKIs",0,"Some concerns","Low risk","No concerns","Major concerns","No concerns","No concerns","High","[]"
"1st-generation EGFR TKIs + MET inhibitor:3rd-generation EGFR TKIs + Amivantamab",0,"Some concerns","Low risk","No concerns","Major concerns","No concerns","No concerns","High","[]"
"1st-generation EGFR TKIs + MET inhibitor:3rd-generation EGFR TKIs + antiangiogenesis",0,"Some concerns","Low risk","No concerns","Major concerns","No concerns","No concerns","High","[]"
"1st-generation EGFR TKIs + MET inhibitor:3rd-generation EGFR TKIs + chemotherapy",0,"Some concerns","Low risk","No concerns","Major concerns","No concerns","No concerns","High","[]"
"1st-generation EGFR TKIs + MET inhibitor:Antiangiogenesis",0,"Some concerns","Low risk","No concerns","Major concerns","No concerns","No concerns","High","[]"
"1st-generation EGFR TKIs + MET inhibitor:Chemotherapy",0,"Some concerns","Low risk","No concerns","Major concerns","No concerns","No concerns","High","[]"
"1st-generation EGFR TKIs + MET inhibitor:DHFR inhibitor",0,"Some concerns","Low risk","No concerns","Major concerns","No concerns","No concerns","High","[]"
"1st-generation EGFR TKIs + MET inhibitor:Placebo",0,"No concerns","Low risk","No concerns","Major concerns","No concerns","No concerns","High","[]"
"1st-generation EGFR TKIs + MET inhibitor:Rociletinib(500mg)",0,"Some concerns","Low risk","Some concerns","Major concerns","No concerns","No concerns","High","[]"
"1st-generation EGFR TKIs + antiangiogenesis:1st-generation EGFR TKIs + MMP inhibitor",0,"Some concerns","Low risk","No concerns","No concerns","Major concerns","No concerns","High","[]"
"1st-generation EGFR TKIs + chemotherapy:1st-generation EGFR TKIs + MMP inhibitor",0,"Some concerns","Low risk","No concerns","Major concerns","No concerns","No concerns","High","[]"
"1st-generation EGFR TKIs + MMP inhibitor:2nd-generation EGFR TKIs",0,"Some concerns","Low risk","No concerns","Major concerns","No concerns","No concerns","High","[]"
"1st-generation EGFR TKIs + MMP inhibitor:2nd-generation EGFR TKIs + Cetuximab",0,"Some concerns","Low risk","No concerns","Major concerns","No concerns","No concerns","High","[]"
"1st-generation EGFR TKIs + MMP inhibitor:3rd-generation EGFR TKIs",0,"Some concerns","Low risk","No concerns","Major concerns","No concerns","No concerns","High","[]"
"1st-generation EGFR TKIs + MMP inhibitor:3rd-generation EGFR TKIs + Amivantamab",0,"Some concerns","Low risk","No concerns","Some concerns","Some concerns","No concerns","High","[]"
"1st-generation EGFR TKIs + MMP inhibitor:3rd-generation EGFR TKIs + antiangiogenesis",0,"Some concerns","Low risk","No concerns","Major concerns","No concerns","No concerns","High","[]"
"1st-generation EGFR TKIs + MMP inhibitor:3rd-generation EGFR TKIs + chemotherapy",0,"Some concerns","Low risk","No concerns","Some concerns","Some concerns","No concerns","High","[]"
"1st-generation EGFR TKIs + MMP inhibitor:Antiangiogenesis",0,"Some concerns","Low risk","No concerns","No concerns","Major concerns","No concerns","High","[]"
"1st-generation EGFR TKIs + MMP inhibitor:Chemotherapy",0,"Some concerns","Low risk","No concerns","Major concerns","No concerns","No concerns","High","[]"
"1st-generation EGFR TKIs + MMP inhibitor:DHFR inhibitor",0,"Some concerns","Low risk","No concerns","Major concerns","No concerns","No concerns","High","[]"
"1st-generation EGFR TKIs + MMP inhibitor:Placebo",0,"Some concerns","Low risk","No concerns","Major concerns","No concerns","No concerns","High","[]"
"1st-generation EGFR TKIs + MMP inhibitor:Rociletinib(500mg)",0,"Some concerns","Low risk","Some concerns","Major concerns","No concerns","No concerns","High","[]"
"1st-generation EGFR TKIs + antiangiogenesis:1st-generation EGFR TKIs + chemotherapy",0,"Some concerns","Low risk","No concerns","No concerns","Major concerns","No concerns","High","[]"
"1st-generation EGFR TKIs + antiangiogenesis:2nd-generation EGFR TKIs",0,"Some concerns","Low risk","No concerns","No concerns","Major concerns","No concerns","High","[]"
"1st-generation EGFR TKIs + antiangiogenesis:2nd-generation EGFR TKIs + Cetuximab",0,"Some concerns","Low risk","No concerns","Major concerns","No concerns","No concerns","High","[]"
"1st-generation EGFR TKIs + antiangiogenesis:3rd-generation EGFR TKIs",0,"Some concerns","Low risk","No concerns","Some concerns","Some concerns","No concerns","High","[]"
"1st-generation EGFR TKIs + antiangiogenesis:3rd-generation EGFR TKIs + Amivantamab",0,"Some concerns","Low risk","No concerns","Major concerns","No concerns","No concerns","High","[]"
"1st-generation EGFR TKIs + antiangiogenesis:3rd-generation EGFR TKIs + antiangiogenesis",0,"Some concerns","Low risk","No concerns","Major concerns","No concerns","No concerns","High","[]"
"1st-generation EGFR TKIs + antiangiogenesis:3rd-generation EGFR TKIs + chemotherapy",0,"Some concerns","Low risk","No concerns","Major concerns","No concerns","No concerns","High","[]"
"1st-generation EGFR TKIs + antiangiogenesis:Chemotherapy",0,"Some concerns","Low risk","No concerns","Some concerns","Some concerns","No concerns","High","[]"
"1st-generation EGFR TKIs + antiangiogenesis:DHFR inhibitor",0,"Some concerns","Low risk","No concerns","Major concerns","No concerns","No concerns","High","[]"
"1st-generation EGFR TKIs + antiangiogenesis:Placebo",0,"No concerns","Low risk","No concerns","No concerns","Major concerns","No concerns","High","[]"
"1st-generation EGFR TKIs + antiangiogenesis:Rociletinib(500mg)",0,"Some concerns","Low risk","No concerns","Major concerns","No concerns","No concerns","High","[]"
"1st-generation EGFR TKIs + chemotherapy:2nd-generation EGFR TKIs",0,"Some concerns","Low risk","No concerns","Major concerns","No concerns","No concerns","High","[]"
"1st-generation EGFR TKIs + chemotherapy:2nd-generation EGFR TKIs + Cetuximab",0,"Some concerns","Low risk","No concerns","Major concerns","No concerns","No concerns","High","[]"
"1st-generation EGFR TKIs + chemotherapy:3rd-generation EGFR TKIs",0,"Some concerns","Low risk","No concerns","Major concerns","No concerns","No concerns","High","[]"
"1st-generation EGFR TKIs + chemotherapy:3rd-generation EGFR TKIs + Amivantamab",0,"Some concerns","Low risk","No concerns","Major concerns","No concerns","No concerns","High","[]"
"1st-generation EGFR TKIs + chemotherapy:3rd-generation EGFR TKIs + antiangiogenesis",0,"Some concerns","Low risk","No concerns","Major concerns","No concerns","No concerns","High","[]"
"1st-generation EGFR TKIs + chemotherapy:3rd-generation EGFR TKIs + chemotherapy",0,"Some concerns","Low risk","No concerns","Major concerns","No concerns","No concerns","High","[]"
"1st-generation EGFR TKIs + chemotherapy:Antiangiogenesis",0,"Some concerns","Low risk","No concerns","Major concerns","No concerns","No concerns","High","[]"
"1st-generation EGFR TKIs + chemotherapy:DHFR inhibitor",0,"Some concerns","Low risk","No concerns","Major concerns","No concerns","No concerns","High","[]"
"1st-generation EGFR TKIs + chemotherapy:Placebo",0,"Some concerns","Low risk","No concerns","Major concerns","No concerns","No concerns","High","[]"
"1st-generation EGFR TKIs + chemotherapy:Rociletinib(500mg)",0,"Some concerns","Low risk","No concerns","Major concerns","No concerns","No concerns","High","[]"
"2nd-generation EGFR TKIs:3rd-generation EGFR TKIs",0,"Some concerns","Low risk","No concerns","Major concerns","No concerns","No concerns","High","[]"
"2nd-generation EGFR TKIs:3rd-generation EGFR TKIs + Amivantamab",0,"Some concerns","Low risk","No concerns","Major concerns","No concerns","No concerns","High","[]"
"2nd-generation EGFR TKIs:3rd-generation EGFR TKIs + antiangiogenesis",0,"Some concerns","Low risk","No concerns","Major concerns","No concerns","No concerns","High","[]"
"2nd-generation EGFR TKIs:3rd-generation EGFR TKIs + chemotherapy",0,"Some concerns","Low risk","No concerns","Major concerns","No concerns","No concerns","High","[]"
"2nd-generation EGFR TKIs:Antiangiogenesis",0,"Some concerns","Low risk","No concerns","Major concerns","No concerns","No concerns","High","[]"
"2nd-generation EGFR TKIs:DHFR inhibitor",0,"Some concerns","Low risk","No concerns","Major concerns","No concerns","No concerns","High","[]"
"2nd-generation EGFR TKIs:Rociletinib(500mg)",0,"Some concerns","Low risk","No concerns","Major concerns","No concerns","No concerns","High","[]"
"2nd-generation EGFR TKIs + Cetuximab:3rd-generation EGFR TKIs",0,"Some concerns","Low risk","No concerns","Major concerns","No concerns","No concerns","High","[]"
"2nd-generation EGFR TKIs + Cetuximab:3rd-generation EGFR TKIs + Amivantamab",0,"Some concerns","Low risk","No concerns","Major concerns","No concerns","No concerns","High","[]"
"2nd-generation EGFR TKIs + Cetuximab:3rd-generation EGFR TKIs + antiangiogenesis",0,"Some concerns","Low risk","No concerns","Major concerns","No concerns","No concerns","High","[]"
"2nd-generation EGFR TKIs + Cetuximab:3rd-generation EGFR TKIs + chemotherapy",0,"Some concerns","Low risk","No concerns","Major concerns","No concerns","No concerns","High","[]"
"2nd-generation EGFR TKIs + Cetuximab:Antiangiogenesis",0,"Some concerns","Low risk","No concerns","Major concerns","No concerns","No concerns","High","[]"
"2nd-generation EGFR TKIs + Cetuximab:Chemotherapy",0,"Some concerns","Low risk","No concerns","Major concerns","No concerns","No concerns","High","[]"
"2nd-generation EGFR TKIs + Cetuximab:DHFR inhibitor",0,"Some concerns","Low risk","No concerns","Major concerns","No concerns","No concerns","High","[]"
"2nd-generation EGFR TKIs + Cetuximab:Placebo",0,"Some concerns","Low risk","No concerns","Major concerns","No concerns","No concerns","High","[]"
"2nd-generation EGFR TKIs + Cetuximab:Rociletinib(500mg)",0,"Some concerns","Low risk","No concerns","Major concerns","No concerns","No concerns","High","[]"
"3rd-generation EGFR TKIs:Antiangiogenesis",0,"Some concerns","Low risk","No concerns","Major concerns","No concerns","No concerns","High","[]"
"3rd-generation EGFR TKIs:DHFR inhibitor",0,"Some concerns","Low risk","No concerns","Major concerns","No concerns","No concerns","High","[]"
"3rd-generation EGFR TKIs:Rociletinib(500mg)",0,"Some concerns","Low risk","No concerns","Major concerns","No concerns","No concerns","High","[]"
"3rd-generation EGFR TKIs + Amivantamab:3rd-generation EGFR TKIs + antiangiogenesis",0,"Some concerns","Low risk","No concerns","Major concerns","No concerns","No concerns","High","[]"
"3rd-generation EGFR TKIs + Amivantamab:3rd-generation EGFR TKIs + chemotherapy",0,"Some concerns","Low risk","No concerns","Major concerns","No concerns","No concerns","High","[]"
"3rd-generation EGFR TKIs + Amivantamab:Antiangiogenesis",0,"Some concerns","Low risk","No concerns","Major concerns","No concerns","No concerns","High","[]"
"3rd-generation EGFR TKIs + Amivantamab:Chemotherapy",0,"Some concerns","Low risk","No concerns","Major concerns","No concerns","No concerns","High","[]"
"3rd-generation EGFR TKIs + Amivantamab:DHFR inhibitor",0,"Some concerns","Low risk","No concerns","Major concerns","No concerns","No concerns","High","[]"
"3rd-generation EGFR TKIs + Amivantamab:Placebo",0,"Some concerns","Low risk","No concerns","Major concerns","No concerns","No concerns","High","[]"
"3rd-generation EGFR TKIs + Amivantamab:Rociletinib(500mg)",0,"Some concerns","Low risk","No concerns","Major concerns","No concerns","No concerns","High","[]"
"3rd-generation EGFR TKIs + antiangiogenesis:3rd-generation EGFR TKIs + chemotherapy",0,"Some concerns","Low risk","No concerns","Major concerns","No concerns","No concerns","High","[]"
"3rd-generation EGFR TKIs + antiangiogenesis:Antiangiogenesis",0,"Some concerns","Low risk","No concerns","Major concerns","No concerns","No concerns","High","[]"
"3rd-generation EGFR TKIs + antiangiogenesis:Chemotherapy",0,"Some concerns","Low risk","No concerns","Major concerns","No concerns","No concerns","High","[]"
"3rd-generation EGFR TKIs + antiangiogenesis:DHFR inhibitor",0,"Some concerns","Low risk","No concerns","Major concerns","No concerns","No concerns","High","[]"
"3rd-generation EGFR TKIs + antiangiogenesis:Placebo",0,"Some concerns","Low risk","No concerns","Major concerns","No concerns","No concerns","High","[]"
"3rd-generation EGFR TKIs + antiangiogenesis:Rociletinib(500mg)",0,"Some concerns","Low risk","No concerns","Major concerns","No concerns","No concerns","High","[]"
"3rd-generation EGFR TKIs + chemotherapy:Antiangiogenesis",0,"Some concerns","Low risk","No concerns","Major concerns","No concerns","No concerns","High","[]"
"3rd-generation EGFR TKIs + chemotherapy:Chemotherapy",0,"Some concerns","Low risk","No concerns","Major concerns","No concerns","No concerns","High","[]"
"3rd-generation EGFR TKIs + chemotherapy:DHFR inhibitor",0,"Some concerns","Low risk","No concerns","Major concerns","No concerns","No concerns","High","[]"
"3rd-generation EGFR TKIs + chemotherapy:Placebo",0,"Some concerns","Low risk","No concerns","Major concerns","No concerns","No concerns","High","[]"
"3rd-generation EGFR TKIs + chemotherapy:Rociletinib(500mg)",0,"Some concerns","Low risk","No concerns","Major concerns","No concerns","No concerns","High","[]"
"Antiangiogenesis:Chemotherapy",0,"Some concerns","Low risk","No concerns","Major concerns","No concerns","No concerns","High","[]"
"Antiangiogenesis:DHFR inhibitor",0,"Some concerns","Low risk","No concerns","Major concerns","No concerns","No concerns","High","[]"
"Antiangiogenesis:Placebo",0,"Some concerns","Low risk","No concerns","Some concerns","Some concerns","No concerns","High","[]"
"Antiangiogenesis:Rociletinib(500mg)",0,"Some concerns","Low risk","No concerns","Major concerns","No concerns","No concerns","High","[]"
"Chemotherapy:DHFR inhibitor",0,"Some concerns","Low risk","No concerns","Major concerns","No concerns","No concerns","High","[]"
"Chemotherapy:Placebo",0,"Some concerns","Low risk","No concerns","Major concerns","No concerns","No concerns","High","[]"
"Chemotherapy:Rociletinib(500mg)",0,"Some concerns","Low risk","No concerns","Major concerns","No concerns","No concerns","High","[]"
"DHFR inhibitor:Placebo",0,"Some concerns","Low risk","No concerns","Major concerns","No concerns","No concerns","High","[]"
"DHFR inhibitor:Rociletinib(500mg)",0,"Some concerns","Low risk","Some concerns","Major concerns","No concerns","No concerns","High","[]"
"Placebo:Rociletinib(500mg)",0,"Some concerns","Low risk","No concerns","Major concerns","No concerns","No concerns","High","[]"