,Afatinib,Afatinib_Cetuximab,Almonertinib,Amivantamab_Lazertinib,Chemotherapy,Dacomitinib,DHFRi,Erlotinib,Erlotinib_Autophagyi,Erlotinib_chemotherapy,Erlotinib_COX2i,Erlotinib_ERi,Erlotinib_HER3i,Erlotinib_HGFi,Erlotinib_IGF_1Ri,Erlotinib_METi,Erlotinib_MMPi,Erlotinib_antiangio,Gefitinib,Gefitinib_chemotherapy,Gefitinib_ERi,Gefitinib_Erlotinib,Gefitinib_antiangio,Lazertinib,Osimertinib,Osimertinib_chemotherapy,Osimertinib_antiangio,PD_L1i,Placebo,Rociletinib,antiangio
Afatinib,Afatinib,"-0.0504045959108264 (-1.54702216329411, 1.43832780874012)","0.508544477244244 (-1.31802267031118, 2.32198310865394)","1.62624446050697 (-0.0810246123619019, 3.34227878484023)","0.457196636840122 (-0.451396011931292, 1.40545594186654)","-0.388646928556467 (-1.59243385888371, 0.790187906962588)","0.745197613097233 (-2.34211095548707, 4.52667498047608)","-0.220884275985419 (-1.11219914469657, 0.688269645584609)","-1.75998614379039 (-3.70048916767537, 0.15875233925626)","-0.0922093787891776 (-1.62117407142851, 1.47404409283568)","33.06907982002 (1.86143163572248, 105.26442917402)","0.710303928269439 (-0.973663606870852, 2.39425298838535)","-0.932202980849069 (-3.33440223616614, 1.47401218272357)","-0.349261256075818 (-3.99168448592614, 3.8018039069806)","1.38805623299335 (-0.0913939408005856, 3.06548674514576)","-0.363623243668 (-1.62492614226814, 0.854270822313719)","-2.10983147974511 (-4.65409946747601, 0.0941738973309145)","1.32779366584298 (0.356090856960141, 2.36065876837448)","-0.321472037972855 (-1.3017124461663, 0.628742448951558)","-0.0472468833457413 (-1.30870623043476, 1.21890649198851)","1.20752386162922 (-0.458713069657003, 2.85987236773504)","-0.631448678354273 (-2.59514952174217, 1.31666310631116)","2.49910116971127 (0.922542855469203, 4.22926154231425)","0.0815777237830814 (-1.34420529805136, 1.48512057822088)","-0.153166796231403 (-1.41398381276467, 1.11150321999812)","0.408002246968882 (-1.41792875067225, 2.3489536513836)","2.08337064936638 (0.485943464015326, 3.713827380318)","-1.30704941843337 (-5.12408980407087, 1.75509440775131)","-0.467635008593126 (-1.47320346021941, 0.514207089277584)","-38.1035307556983 (-129.567956532775, -1.81400473036038)","1.8383899105497 (0.610524578708404, 3.15839641567141)"
Afatinib_Cetuximab,"0.0504045959108264 (-1.43832780874012, 1.54702216329411)",Afatinib_Cetuximab,"0.559792149616777 (-1.79489211167367, 2.88950136604069)","1.68250105968286 (-0.594950959626997, 3.93337466073299)","0.503531279594258 (-1.21224493811276, 2.2796335296446)","-0.338433474647739 (-2.24689857138693, 1.55817777888537)","0.804603166791201 (-2.64882954475202, 4.85315239780175)","-0.172972604358884 (-1.88197467824389, 1.58136897404802)","-1.7094622600192 (-4.13894695163148, 0.736806221180313)","-0.0425607432204135 (-2.16189010971509, 2.12913730545847)","33.1272302993408 (1.80362116711381, 105.359117992124)","0.76356207734432 (-1.48954862973688, 3.00707325903706)","-0.881187991197208 (-3.68231676344269, 1.94046948274267)","-0.294189761302779 (-4.22039976317865, 4.08712559695868)","1.4385764827 (-0.63261307569962, 3.72236380443901)","-0.312827873477395 (-2.26977754415677, 1.59728712570954)","-2.07262959077996 (-5.00633854065148, 0.596764450119861)","1.37460631340252 (-0.37268729197872, 3.20851973224714)","-0.267663026769912 (-2.04895234820779, 1.49929617057783)","0.00474758230367833 (-1.94551510854367, 1.95547723713783)","1.25986889696682 (-0.974578041410981, 3.48310996235169)","-0.579642975903766 (-3.04889723545884, 1.88058236326292)","2.55117633207234 (0.413436025680995, 4.84672467103075)","0.127043416250327 (-1.94763660338405, 2.17204060897358)","-0.100432305021091 (-2.0465302913529, 1.85291635949588)","0.459498773965221 (-1.88737575254978, 2.89559660441419)","2.13617017792681 (-0.0330781002030061, 4.34394092241981)","-1.26776289190186 (-5.3260115969415, 2.15997135887651)","-0.414755223612184 (-2.22063326410566, 1.36220387667071)","-38.0121099927048 (-129.486701115816, -1.68661954820362)","1.89397773590888 (-0.0283416181708952, 3.90592306708531)"
Almonertinib,"-0.508544477244244 (-2.32198310865394, 1.31802267031118)","-0.559792149616777 (-2.88950136604069, 1.79489211167367)",Almonertinib,"1.1163999767376 (-1.05254272999682, 3.30738046934231)","-0.0510461990771227 (-1.78405625572054, 1.73201864698846)","-0.896335375322191 (-2.71552356043794, 0.921918727651085)","0.246920676932296 (-3.17851345572054, 4.30725963424373)","-0.730207374780518 (-2.44049994517873, 1.01127141389668)","-2.26978968255434 (-4.70435880358816, 0.177454713092794)","-0.601941205423188 (-2.70106175048745, 1.54612336598179)","32.5743854744327 (1.2468228746461, 104.835157284648)","0.203966921664827 (-1.92467067228498, 2.35495252128935)","-1.43816310524408 (-4.25977799148835, 1.38740550936346)","-0.856156323481991 (-4.7521990847968, 3.54765406694387)","0.880124472148129 (-1.17127594792406, 3.12426175276647)","-0.867142821483067 (-2.79862150095388, 1.03291913293147)","-2.63548298459947 (-5.51856420467038, 0.0664456490371945)","0.820069136809526 (-0.924596085418024, 2.63113264117096)","-0.826778881680149 (-2.36940793419652, 0.705780409719627)","-0.553007607126543 (-2.26824919775056, 1.18197836634411)","0.700682605893153 (-1.41629270871984, 2.83031360917857)","-1.13277954363089 (-3.55771033509483, 1.29080222065576)","1.99765923432414 (0.0210354912359238, 4.10517751702294)","-0.423170317701113 (-2.36084553508815, 1.49999709572401)","-0.658310177391458 (-2.55984248183638, 1.24072413201792)","-0.104139211321384 (-2.39716881381183, 2.32938338251858)","1.58514103728854 (-0.539082661417575, 3.73704813047365)","-1.81750849621557 (-5.89628200039613, 1.56669415403892)","-0.971525310716309 (-2.75080608497203, 0.800790130924873)","-38.5687817307018 (-130.170510550114, -2.27685704696128)","1.33405941519294 (-0.532020026740606, 3.29766241103021)"
Amivantamab_Lazertinib,"-1.62624446050697 (-3.34227878484023, 0.0810246123619019)","-1.68250105968286 (-3.93337466073299, 0.594950959626997)","-1.1163999767376 (-3.30738046934231, 1.05254272999682)",Amivantamab_Lazertinib,"-1.16891236435306 (-2.74207621767655, 0.441603608351534)","-2.01730320785799 (-3.76147257739447, -0.295277374272605)","-0.870859485671032 (-4.23555030364107, 3.12667704766882)","-1.84583530490742 (-3.43892735522685, -0.245139703319485)","-3.39048722539678 (-5.73832876687821, -1.04423430838898)","-1.71783577514746 (-3.73210763784471, 0.325203380383068)","31.4503240676036 (0.0948553163598718, 103.626324556135)","-0.915526991032149 (-3.02770176155103, 1.19105314842315)","-2.56310475481174 (-5.29126978099262, 0.174604646530034)","-1.97679308319016 (-5.86289905287341, 2.35335366455594)","-0.240749087390126 (-2.20446119316843, 1.91181677041067)","-1.9876283458374 (-3.82681851914869, -0.213582684189846)","-3.74559944658614 (-6.57479599097002, -1.16232877128497)","-0.298113947163659 (-1.9299791847043, 1.37738978610188)","-1.94754171818674 (-3.5267046534045, -0.399971088413308)","-1.6727130256304 (-3.42622890968579, 0.0808932278748228)","-0.423590805000868 (-2.49174934191496, 1.68558652424016)","-2.255653544593 (-4.25843072867131, -0.266473919949308)","0.874040121242943 (-1.11609498318672, 3.02743527202483)","-1.54626440891877 (-2.89867100646977, -0.20317430297991)","-1.77855745903543 (-3.10861533064346, -0.452545971601215)","-1.22034066039271 (-3.10140731443815, 0.776125498419203)","0.457367263185375 (-1.18591290034944, 2.13806330103168)","-2.93245205443045 (-6.78684690059697, 0.16367239820947)","-2.09080616271984 (-3.70198560132262, -0.510581978587755)","-39.6641512987115 (-131.221385367793, -3.41856876415251)","0.215075364036765 (-1.56976629965958, 2.07664645990407)"
Chemotherapy,"-0.457196636840122 (-1.40545594186654, 0.451396011931292)","-0.503531279594258 (-2.2796335296446, 1.21224493811276)","0.0510461990771227 (-1.73201864698846, 1.78405625572054)","1.16891236435306 (-0.441603608351534, 2.74207621767655)",Chemotherapy,"-0.841719226094282 (-1.96232929513474, 0.214847159445852)","0.273362153179651 (-2.74784059169505, 4.03393182965533)","-0.677919772417412 (-1.37950267760786, 0.000791855339184553)","-2.21791624002978 (-4.08781498134975, -0.394994570618066)","-0.545246529156505 (-1.96697494545867, 0.856771257253778)","32.5930471552521 (1.37170716070739, 104.783211627216)","0.253878551693228 (-1.37580819986976, 1.85196534464174)","-1.39694506439759 (-3.71930376574091, 0.94268895771961)","-0.809738920230782 (-4.39981963105026, 3.28861641535543)","0.931857439615766 (-0.450937546117698, 2.45969932973656)","-0.821417880315923 (-1.96293255901707, 0.243832780779013)","-2.56695494186839 (-5.06817192829734, -0.450031912643128)","0.87286624300886 (0.063051772326593, 1.69490197591521)","-0.777094880371672 (-1.66296405658677, 0.0459097439618053)","-0.502905926743688 (-1.70908135350203, 0.646626027515387)","0.747822573996409 (-0.839778909989696, 2.31982011970741)","-1.08464453354429 (-2.93547138526094, 0.723304691263388)","2.04407602088133 (0.503084904175506, 3.6757820488052)","-0.374224298808423 (-1.7136240425837, 0.883756841230589)","-0.608796548516845 (-1.69070428474107, 0.443685709273129)","-0.0472297080097089 (-1.7720872617504, 1.74061174321875)","1.62610916538046 (0.169693562572942, 3.10045042573815)","-1.76613710131034 (-5.52879215769086, 1.20517290621625)","-0.924744807403528 (-1.85312684137469, -0.0470911854490428)","-38.5507911760095 (-130.053159090499, -2.29424088176777)","1.3820612514408 (0.276293644067312, 2.53513106635115)"
Dacomitinib,"0.388646928556467 (-0.790187906962588, 1.59243385888371)","0.338433474647739 (-1.55817777888537, 2.24689857138693)","0.896335375322191 (-0.921918727651085, 2.71552356043794)","2.01730320785799 (0.295277374272605, 3.76147257739447)","0.841719226094282 (-0.214847159445852, 1.96232929513474)",Dacomitinib,"1.13505478727254 (-1.94272538837814, 4.92324391712113)","0.16678228285503 (-0.753850759827526, 1.11984324882406)","-1.37281518584166 (-3.33168146583461, 0.596482253202034)","0.295339407229312 (-1.25486616049797, 1.87932457988096)","33.4566417310541 (2.20465015015174, 105.61338558826)","1.09632075563002 (-0.612589774034003, 2.81337319166374)","-0.547750999281282 (-2.93760328517723, 1.8852674688305)","0.0369431261478727 (-3.61455463520776, 4.1808112486794)","1.77865026871933 (0.281257581600175, 3.47470022758204)","0.023381839316233 (-1.2528911113808, 1.27859164152442)","-1.72511474793882 (-4.26975371440722, 0.500154914394252)","1.71587217689803 (0.721273607059815, 2.7747385639152)","0.0696528960306213 (-0.929261348985744, 1.05010513717339)","0.343426806597513 (-0.936914321883073, 1.61973618447304)","1.58904350404465 (-0.0678070227521846, 3.28484199504468)","-0.238263974133085 (-2.22643319052488, 1.76671158150406)","2.88754934729681 (1.30141573342015, 4.63162763249759)","0.465365812501194 (-0.97698181644463, 1.91768221623641)","0.234719594273266 (-1.06492818415235, 1.57158144515204)","0.797105518678883 (-1.07500545748874, 2.77148727667429)","2.47014544119396 (0.847679992403827, 4.14932633594567)","-0.91446658974212 (-4.76361789002964, 2.16082176602321)","-0.0761143985791657 (-1.09059485398479, 0.919462980752382)","-37.6791118379328 (-129.217577898884, -1.43896478186322)","2.22796494239574 (0.987963559454511, 3.56993129585367)"
DHFRi,"-0.745197613097233 (-4.52667498047608, 2.34211095548707)","-0.804603166791201 (-4.85315239780175, 2.64882954475202)","-0.246920676932296 (-4.30725963424373, 3.17851345572054)","0.870859485671032 (-3.12667704766882, 4.23555030364107)","-0.273362153179651 (-4.03393182965533, 2.74784059169505)","-1.13505478727254 (-4.92324391712113, 1.94272538837814)",DHFRi,"-0.950983663433486 (-4.64970571404021, 1.96850328212188)","-2.52172839986602 (-6.53049621247158, 0.889503384277853)","-0.836510144521833 (-4.6907133708808, 2.4084566595713)","32.2604943459817 (0.724609954260656, 104.506288123046)","-0.0368120940499144 (-3.97167504604317, 3.26726780644998)","-1.69898930094903 (-5.9467537088916, 2.01005749596258)","-1.11473969763963 (-6.17886680164631, 3.86385914386582)","0.657807617211163 (-3.20095582895333, 3.90916862850152)","-1.09940053807256 (-4.89375484754417, 1.94649286798454)","-2.90458201701027 (-7.20539797725854, 0.735960511132711)","0.594421816596638 (-3.11468141827494, 3.57387191402527)","-1.06087232219634 (-4.82734438806949, 1.96900011587112)","-0.787542677740714 (-4.61742680381101, 2.36831356408762)","0.461775900075721 (-3.49472371345064, 3.74857718093334)","-1.39220172937741 (-5.44692959995381, 2.10578810948254)","1.76945470706501 (-2.19508469625343, 5.14132074768764)","-0.667196267956473 (-4.56556851548647, 2.5426822605459)","-0.897113386800011 (-4.73374067850745, 2.27421519365587)","-0.348092001051134 (-4.35937981009111, 3.14996713126444)","1.33650421929298 (-2.59308644688734, 4.63858812404766)","-2.12584061674928 (-7.23724214046665, 2.1434301050602)","-1.20889366322333 (-4.9599358196963, 1.81238808776875)","-38.9142935146661 (-130.38409510164, -2.39122343618691)","1.10959444143054 (-2.67827440966171, 4.21345926321019)"
Erlotinib,"0.220884275985419 (-0.688269645584609, 1.11219914469657)","0.172972604358884 (-1.58136897404802, 1.88197467824389)","0.730207374780518 (-1.01127141389668, 2.44049994517873)","1.84583530490742 (0.245139703319485, 3.43892735522685)","0.677919772417412 (-0.000791855339184553, 1.37950267760786)","-0.16678228285503 (-1.11984324882406, 0.753850759827526)","0.950983663433486 (-1.96850328212188, 4.64970571404021)",Erlotinib,"-1.54090187615625 (-3.2725872719235, 0.165401817341513)","0.132872492133736 (-1.14678232289877, 1.40911033131986)","33.2750981564363 (2.08781550499424, 105.480663276138)","0.928584599782731 (-0.587365726359897, 2.445758023077)","-0.715949916200321 (-2.93072389699738, 1.51368481365471)","-0.130744562589149 (-3.64241925538204, 3.90990589753896)","1.60505738382226 (0.420144677175638, 2.99233897123845)","-0.13860522895936 (-1.02311154691107, 0.678584892395337)","-1.88212234301993 (-4.28286717910379, 0.109892995771505)","1.55060891350109 (1.12365850803913, 2.0158863887569)","-0.101127804126773 (-0.910063505108269, 0.670857378293071)","0.172119636285454 (-0.960999166653703, 1.28498354452454)","1.42213070740546 (-0.0550834517216646, 2.91538022346518)","-0.40803671877731 (-2.27202272433469, 1.43997889562622)","2.72155504561151 (1.23083316752929, 4.34671483403194)","0.301574468174664 (-1.01386220405991, 1.56761398620446)","0.06708414006016 (-1.03038416193797, 1.17238902562333)","0.629171991730545 (-1.11204741656853, 2.43366077704886)","2.30630516518031 (0.835745386675844, 3.80273240009988)","-1.08667798570358 (-4.86746297362363, 1.90032385713258)","-0.245402492000077 (-1.01156897990282, 0.483485936866145)","-37.8456417557059 (-129.386163990496, -1.62090786970364)","2.05842024903941 (1.1604962566673, 3.03784072296342)"
Erlotinib_Autophagyi,"1.75998614379039 (-0.15875233925626, 3.70048916767537)","1.7094622600192 (-0.736806221180313, 4.13894695163148)","2.26978968255434 (-0.177454713092794, 4.70435880358816)","3.39048722539678 (1.04423430838898, 5.73832876687821)","2.21791624002978 (0.394994570618066, 4.08781498134975)","1.37281518584166 (-0.596482253202034, 3.33168146583461)","2.52172839986602 (-0.889503384277853, 6.53049621247158)","1.54090187615625 (-0.165401817341513, 3.2725872719235)",Erlotinib_Autophagyi,"1.66701509389578 (-0.448472580241131, 3.82475778497972)","34.8414815608753 (3.53220943589391, 107.006006449442)","2.47273581231825 (0.206023383885192, 4.76534820842738)","0.829500245721855 (-1.97729963241286, 3.62450800261965)","1.42152508489399 (-2.49229350496826, 5.77829973746368)","3.15520005865888 (1.08427125997452, 5.3787032494954)","1.39983223854027 (-0.526710538445616, 3.29711836513323)","-0.349566800359376 (-3.27745167192479, 2.29016123939673)","3.09004020986424 (1.33961965531598, 4.89714776611648)","1.44327301328112 (-0.449801660649501, 3.32147980885077)","1.7127739731153 (-0.333725111241739, 3.7785542044958)","2.96633101855785 (0.715530060026015, 5.24924977094879)","1.13095264412747 (-1.39003442166321, 3.65577896027297)","4.26835697703451 (2.01257684351692, 6.63971508076594)","1.83968602472261 (-0.312535567897605, 3.99255011479392)","1.61245789773673 (-0.413208018172153, 3.64945821055067)","2.17725583879135 (-0.248229746037223, 4.68451462288737)","3.84911758742014 (1.60437155081965, 6.15436286143891)","0.455447893665848 (-3.66815524024719, 3.89266350318582)","1.29665914775281 (-0.587693025040889, 3.16217200828867)","-36.2873443385227 (-127.801190321115, 0.0290628953656514)","3.6075069792815 (1.68987890260141, 5.59291842986373)"
Erlotinib_chemotherapy,"0.0922093787891776 (-1.47404409283568, 1.62117407142851)","0.0425607432204135 (-2.12913730545847, 2.16189010971509)","0.601941205423188 (-1.54612336598179, 2.70106175048745)","1.71783577514746 (-0.325203380383068, 3.73210763784471)","0.545246529156505 (-0.856771257253778, 1.96697494545867)","-0.295339407229312 (-1.87932457988096, 1.25486616049797)","0.836510144521833 (-2.4084566595713, 4.6907133708808)","-0.132872492133736 (-1.40911033131986, 1.14678232289877)","-1.66701509389578 (-3.82475778497972, 0.448472580241131)",Erlotinib_chemotherapy,"33.1617958564956 (1.90789041122928, 105.306590136098)","0.801705161090537 (-1.18303514463203, 2.76963762023638)","-0.848527117843943 (-3.42032008376959, 1.70678496282619)","-0.249314495313688 (-4.02473467773944, 3.96902211309138)","1.48830052509811 (-0.256292785663956, 3.34819872841103)","-0.268101317592605 (-1.84461861648557, 1.24533476419843)","-2.02135306607914 (-4.73164145151274, 0.362225854059101)","1.42065369999722 (0.0824126426585216, 2.78131050994889)","-0.229353555630763 (-1.74337428121178, 1.22820381992485)","0.0477150475695414 (-1.67148652951403, 1.70643985290189)","1.29711721317874 (-0.675428002220807, 3.25244862262073)","-0.533868559428542 (-2.79212750174315, 1.69383028415987)","2.59587525602349 (0.649395974045876, 4.63438361813627)","0.174292581438234 (-1.64587277928139, 1.93262743993863)","-0.06066619571805 (-1.72596190817156, 1.6003544707196)","0.507495673570052 (-1.63789900609291, 2.70177738363428)","2.17783248743166 (0.236283867412555, 4.12669878048326)","-1.22552020571122 (-5.18460739278632, 2.03641112594804)","-0.373843658377204 (-1.8656089139994, 1.07759098421447)","-37.9913077285539 (-129.442234126585, -1.74430218521807)","1.93043539124849 (0.380126148219763, 3.53410411228322)"
Erlotinib_COX2i,"-33.06907982002 (-105.26442917402, -1.86143163572248)","-33.1272302993408 (-105.359117992124, -1.80362116711381)","-32.5743854744327 (-104.835157284648, -1.2468228746461)","-31.4503240676036 (-103.626324556135, -0.0948553163598718)","-32.5930471552521 (-104.783211627216, -1.37170716070739)","-33.4566417310541 (-105.61338558826, -2.20465015015174)","-32.2604943459817 (-104.506288123046, -0.724609954260656)","-33.2750981564363 (-105.480663276138, -2.08781550499424)","-34.8414815608753 (-107.006006449442, -3.53220943589391)","-33.1617958564956 (-105.306590136098, -1.90789041122928)",Erlotinib_COX2i,"-32.355519886603 (-104.60795577397, -1.05348731699862)","-34.0186502081026 (-106.221582051268, -2.57669506375281)","-33.3746855229266 (-105.558005475333, -1.69379250629518)","-31.6980981060622 (-103.906896627615, -0.390447809662548)","-33.4203642000623 (-105.599928870988, -2.21456498175218)","-35.216150820409 (-107.54804425496, -3.80942849400619)","-31.7308208889754 (-103.87296426052, -0.52555377350705)","-33.3743612860907 (-105.533836192799, -2.16858218150532)","-33.0967901118504 (-105.184583011165, -1.84988947740438)","-31.9038717844267 (-104.050684450019, -0.588381724449719)","-33.708917310311 (-105.849368580081, -2.36762158919659)","-30.5648813599791 (-102.744831049245, 0.750380322352302)","-32.996041791088 (-105.149815200733, -1.68675776663349)","-33.2197082675157 (-105.332987930795, -1.93197717875049)","-32.634544285963 (-104.710633147425, -1.30569693782174)","-30.9966258288212 (-103.121982700125, 0.332156135772951)","-34.555343677814 (-106.592964919561, -2.88257708208054)","-33.5705984221756 (-105.742128189557, -2.28816633635652)","-79.0254982136855 (-184.239026363154, -14.4929918771743)","-31.2029916910704 (-103.386542310807, 0.00800895175055322)"
Erlotinib_ERi,"-0.710303928269439 (-2.39425298838535, 0.973663606870852)","-0.76356207734432 (-3.00707325903706, 1.48954862973688)","-0.203966921664827 (-2.35495252128935, 1.92467067228498)","0.915526991032149 (-1.19105314842315, 3.02770176155103)","-0.253878551693228 (-1.85196534464174, 1.37580819986976)","-1.09632075563002 (-2.81337319166374, 0.612589774034003)","0.0368120940499144 (-3.26726780644998, 3.97167504604317)","-0.928584599782731 (-2.445758023077, 0.587365726359897)","-2.47273581231825 (-4.76534820842738, -0.206023383885192)","-0.801705161090537 (-2.76963762023638, 1.18303514463203)","32.355519886603 (1.05348731699862, 104.60795577397)",Erlotinib_ERi,"-1.64226769533453 (-4.33872694324274, 1.06982152391065)","-1.05524993988087 (-4.89043098346131, 3.24458639467615)","0.68285139914707 (-1.23445880428456, 2.76185653381506)","-1.07059497567993 (-2.83579130644009, 0.648602724571129)","-2.82617577846899 (-5.61514592882996, -0.294551414449862)","0.620452337680408 (-0.949415784399309, 2.21546461752317)","-1.02808933908856 (-2.55118836749814, 0.464349380434926)","-0.755719340528347 (-2.47419808104903, 0.956707727903281)","0.490081993900644 (-1.06840736287143, 2.05974884392887)","-1.34031362590413 (-3.67484612998203, 0.997278361020432)","1.79258441296573 (-0.155780120192744, 3.87659232516217)","-0.628525245666755 (-2.50934351628912, 1.22995170765971)","-0.859562450076066 (-2.65408010653057, 0.940744089774995)","-0.298189606806252 (-2.54782534005935, 2.0162698427329)","1.3733312429411 (-0.670942625141742, 3.44842605091411)","-2.02586125021732 (-6.04127873003446, 1.30387818326267)","-1.17624029402011 (-2.81572284447372, 0.448807804006037)","-38.802922891235 (-130.257370139986, -2.4930757799717)","1.13160460471456 (-0.593626798778866, 2.91409736578074)"
Erlotinib_HER3i,"0.932202980849069 (-1.47401218272357, 3.33440223616614)","0.881187991197208 (-1.94046948274267, 3.68231676344269)","1.43816310524408 (-1.38740550936346, 4.25977799148835)","2.56310475481174 (-0.174604646530034, 5.29126978099262)","1.39694506439759 (-0.94268895771961, 3.71930376574091)","0.547750999281282 (-1.8852674688305, 2.93760328517723)","1.69898930094903 (-2.01005749596258, 5.9467537088916)","0.715949916200321 (-1.51368481365471, 2.93072389699738)","-0.829500245721855 (-3.62450800261965, 1.97729963241286)","0.848527117843943 (-1.70678496282619, 3.42032008376959)","34.0186502081026 (2.57669506375281, 106.221582051268)","1.64226769533453 (-1.06982152391065, 4.33872694324274)",Erlotinib_HER3i,"0.597734794865438 (-3.59411538575537, 5.16400183155415)","2.33567666405864 (-0.192894363150128, 4.94603404125547)","0.577047844187373 (-1.83280200188384, 2.90539414978861)","-1.20007603987134 (-4.41511239448225, 1.80850568457624)","2.27069018578152 (0.00247504164404407, 4.54081378785175)","0.616585437947452 (-1.76597063689583, 2.94550190728683)","0.891972225377009 (-1.62559236036769, 3.37511386878198)","2.13716746322057 (-0.537612355366444, 4.80928581112039)","0.30630112186954 (-2.58006004175032, 3.18270517313114)","3.44823654672658 (0.758507404365392, 6.18385959309194)","1.01479399650694 (-1.57359422577852, 3.5630234859166)","0.78109339407997 (-1.70458262551231, 3.24368416791528)","1.34535469031876 (-1.49370719989579, 4.22721481998263)","3.02403652543304 (0.351901281569725, 5.69159887835214)","-0.396216185574721 (-4.72209850257039, 3.38468075908366)","0.468334173834652 (-1.90747633835287, 2.8163795187857)","-37.1590448978439 (-128.704195817965, -0.841929642025893)","2.77951951988492 (0.37344699449537, 5.21658336786911)"
Erlotinib_HGFi,"0.349261256075818 (-3.8018039069806, 3.99168448592614)","0.294189761302779 (-4.08712559695868, 4.22039976317865)","0.856156323481991 (-3.54765406694387, 4.7521990847968)","1.97679308319016 (-2.35335366455594, 5.86289905287341)","0.809738920230782 (-3.28861641535543, 4.39981963105026)","-0.0369431261478727 (-4.1808112486794, 3.61455463520776)","1.11473969763963 (-3.86385914386582, 6.17886680164631)","0.130744562589149 (-3.90990589753896, 3.64241925538204)","-1.42152508489399 (-5.77829973746368, 2.49229350496826)","0.249314495313688 (-3.96902211309138, 4.02473467773944)","33.3746855229266 (1.69379250629518, 105.558005475333)","1.05524993988087 (-3.24458639467615, 4.89043098346131)","-0.597734794865438 (-5.16400183155415, 3.59411538575537)",Erlotinib_HGFi,"1.74670338633928 (-2.43492714943406, 5.53898638814785)","-0.0212312112618211 (-4.14229489518472, 3.58449018188647)","-1.79587019642525 (-6.38860610512636, 2.31370310570235)","1.68076713747693 (-2.35481293764981, 5.23820368141819)","0.0253776054271183 (-4.08588950046391, 3.62591804545116)","0.304689473180892 (-3.87555859040487, 3.9960332180901)","1.55302767363694 (-2.72586865885354, 5.39474386098264)","-0.278671729612488 (-4.70313421302622, 3.69196320804383)","2.85898740290638 (-1.41766875576027, 6.7694156253854)","0.421348099544303 (-3.81220562963404, 4.17110527276829)","0.197432413528376 (-3.96950981506241, 3.89097721839095)","0.75257319204949 (-3.62724463526931, 4.74278273417915)","2.43250942721233 (-1.84761703539935, 6.25751246682801)","-1.00805499333574 (-6.41380889166539, 3.69685942812361)","-0.120253388387251 (-4.22145567457599, 3.47677620413829)","-37.8457013385429 (-129.267827136896, -1.2029104331288)","2.19784547341975 (-1.9367531998514, 5.86006812884805)"
Erlotinib_IGF_1Ri,"-1.38805623299335 (-3.06548674514576, 0.0913939408005856)","-1.4385764827 (-3.72236380443901, 0.63261307569962)","-0.880124472148129 (-3.12426175276647, 1.17127594792406)","0.240749087390126 (-1.91181677041067, 2.20446119316843)","-0.931857439615766 (-2.45969932973656, 0.450937546117698)","-1.77865026871933 (-3.47470022758204, -0.281257581600175)","-0.657807617211163 (-3.90916862850152, 3.20095582895333)","-1.60505738382226 (-2.99233897123845, -0.420144677175638)","-3.15520005865888 (-5.3787032494954, -1.08427125997452)","-1.48830052509811 (-3.34819872841103, 0.256292785663956)","31.6980981060622 (0.390447809662548, 103.906896627615)","-0.68285139914707 (-2.76185653381506, 1.23445880428456)","-2.33567666405864 (-4.94603404125547, 0.192894363150128)","-1.74670338633928 (-5.53898638814785, 2.43492714943406)",Erlotinib_IGF_1Ri,"-1.74801963765477 (-3.44122185351233, -0.308278618683319)","-3.50924551858995 (-6.26480606464153, -1.1844904073339)","-0.0538754727093708 (-1.50112557291969, 1.21873411677414)","-1.70952185478925 (-3.33589422238194, -0.291449882252417)","-1.43199217427189 (-3.24235974649724, 0.175495229313885)","-0.188790454789742 (-2.22860205074875, 1.70477861688889)","-2.0222978532818 (-4.36205210508894, 0.164701144503167)","1.10981913693837 (-0.90281720936319, 3.08481004428672)","-1.30585353564582 (-3.24304349047094, 0.422899520737223)","-1.5403367404424 (-3.30559570883958, 0.0693542655576762)","-0.978953994934054 (-3.20027082777068, 1.14014529827613)","0.689097007785704 (-1.32297948364916, 2.5973101203323)","-2.72312637172331 (-6.73101552096977, 0.51001488116076)","-1.85291480428848 (-3.45775910256004, -0.464756106471817)","-39.4756286659226 (-130.95157977001, -3.21786798813097)","0.453512861179494 (-1.19034745432708, 1.97304335201613)"
Erlotinib_METi,"0.363623243668 (-0.854270822313719, 1.62492614226814)","0.312827873477395 (-1.59728712570954, 2.26977754415677)","0.867142821483067 (-1.03291913293147, 2.79862150095388)","1.9876283458374 (0.213582684189846, 3.82681851914869)","0.821417880315923 (-0.243832780779013, 1.96293255901707)","-0.023381839316233 (-1.27859164152442, 1.2528911113808)","1.09940053807256 (-1.94649286798454, 4.89375484754417)","0.13860522895936 (-0.678584892395337, 1.02311154691107)","-1.39983223854027 (-3.29711836513323, 0.526710538445616)","0.268101317592605 (-1.24533476419843, 1.84461861648557)","33.4203642000623 (2.21456498175218, 105.599928870988)","1.07059497567993 (-0.648602724571129, 2.83579130644009)","-0.577047844187373 (-2.90539414978861, 1.83280200188384)","0.0212312112618211 (-3.58449018188647, 4.14229489518472)","1.74801963765477 (0.308278618683319, 3.44122185351233)",Erlotinib_METi,"-1.74491210872886 (-4.25987929223786, 0.452227896213149)","1.68818266668495 (0.771273840000803, 2.71294341654832)","0.0411455954109466 (-1.11541639008908, 1.20526902585054)","0.313933017088368 (-1.08813205136109, 1.74191351311379)","1.56274896323868 (-0.118215544122749, 3.31336770917725)","-0.267935354588927 (-2.28992954931356, 1.79791346114388)","2.86340288637507 (1.17342617302217, 4.74351588518218)","0.441424908507571 (-1.09312111911157, 2.00754487742378)","0.210307183474047 (-1.15738649934551, 1.63260872257834)","0.768456182242863 (-1.13547356818768, 2.82624371209368)","2.44486243528564 (0.778630827486197, 4.21115805317566)","-0.939864536933692 (-4.80061856121386, 2.17566582517702)","-0.104000657372675 (-1.2264397070829, 1.03827993459807)","-37.6989972722043 (-129.181315701483, -1.45848795967852)","2.19933164569366 (0.99715308411162, 3.55126288576146)"
Erlotinib_MMPi,"2.10983147974511 (-0.0941738973309145, 4.65409946747601)","2.07262959077996 (-0.596764450119861, 5.00633854065148)","2.63548298459947 (-0.0664456490371945, 5.51856420467038)","3.74559944658614 (1.16232877128497, 6.57479599097002)","2.56695494186839 (0.450031912643128, 5.06817192829734)","1.72511474793882 (-0.500154914394252, 4.26975371440722)","2.90458201701027 (-0.735960511132711, 7.20539797725854)","1.88212234301993 (-0.109892995771505, 4.28286717910379)","0.349566800359376 (-2.29016123939673, 3.27745167192479)","2.02135306607914 (-0.362225854059101, 4.73164145151274)","35.216150820409 (3.80942849400619, 107.54804425496)","2.82617577846899 (0.294551414449862, 5.61514592882996)","1.20007603987134 (-1.80850568457624, 4.41511239448225)","1.79587019642525 (-2.31370310570235, 6.38860610512636)","3.50924551858995 (1.1844904073339, 6.26480606464153)","1.74491210872886 (-0.452227896213149, 4.25987929223786)",Erlotinib_MMPi,"3.44093590864985 (1.40116140242361, 5.88609733484524)","1.7879194805747 (-0.383671826929862, 4.27975911908259)","2.06871976867462 (-0.23778008448516, 4.68264289573941)","3.32105957364513 (0.82419688498857, 6.08759634526149)","1.49039743783881 (-1.25157153246922, 4.4808368285728)","4.62755620043463 (2.11734065056492, 7.47198019504737)","2.19337433931442 (-0.207170947258234, 4.8965204313534)","1.96336116378852 (-0.343733530889383, 4.59413141424652)","2.53877491577866 (-0.144891712157445, 5.51879637720326)","4.20662677872582 (1.69693758667778, 7.01795245213193)","0.807211639982282 (-3.4477615171781, 4.63842126892864)","1.64246699279839 (-0.506116187939831, 4.14157350399594)","-35.9466814965646 (-127.439572297092, 0.444095014268344)","3.96395480771549 (1.75735288130353, 6.51661427836786)"
Erlotinib_antiangio,"-1.32779366584298 (-2.36065876837448, -0.356090856960141)","-1.37460631340252 (-3.20851973224714, 0.37268729197872)","-0.820069136809526 (-2.63113264117096, 0.924596085418024)","0.298113947163659 (-1.37738978610188, 1.9299791847043)","-0.87286624300886 (-1.69490197591521, -0.063051772326593)","-1.71587217689803 (-2.7747385639152, -0.721273607059815)","-0.594421816596638 (-3.57387191402527, 3.11468141827494)","-1.55060891350109 (-2.0158863887569, -1.12365850803913)","-3.09004020986424 (-4.89714776611648, -1.33961965531598)","-1.42065369999722 (-2.78131050994889, -0.0824126426585216)","31.7308208889754 (0.52555377350705, 103.87296426052)","-0.620452337680408 (-2.21546461752317, 0.949415784399309)","-2.27069018578152 (-4.54081378785175, -0.00247504164404407)","-1.68076713747693 (-5.23820368141819, 2.35481293764981)","0.0538754727093708 (-1.21873411677414, 1.50112557291969)","-1.68818266668495 (-2.71294341654832, -0.771273840000803)","-3.44093590864985 (-5.88609733484524, -1.40116140242361)",Erlotinib_antiangio,"-1.651568418349 (-2.59318933659649, -0.786316007088592)","-1.37824132030198 (-2.60700375548633, -0.198435449008008)","-0.126819159774006 (-1.69354966400951, 1.41272551755176)","-1.95930152454765 (-3.88445396347963, -0.0746075676693739)","1.1678169109102 (-0.395225269034606, 2.8293608123026)","-1.25033864181877 (-2.65369533552249, 0.0759448195276939)","-1.48126397800622 (-2.69330696313459, -0.310986964232942)","-0.923346676438379 (-2.7282692422246, 0.914530919339298)","0.75308358684378 (-0.794860761911987, 2.29950000455032)","-2.63785841202085 (-6.45586361809235, 0.380470011437529)","-1.79514276357383 (-2.69762733085289, -0.964331251098493)","-39.4224055082578 (-130.95211531293, -3.18211892844296)","0.508288175804121 (-0.457884276029334, 1.51490305148007)"
Gefitinib,"0.321472037972855 (-0.628742448951558, 1.3017124461663)","0.267663026769912 (-1.49929617057783, 2.04895234820779)","0.826778881680149 (-0.705780409719627, 2.36940793419652)","1.94754171818674 (0.399971088413308, 3.5267046534045)","0.777094880371672 (-0.0459097439618053, 1.66296405658677)","-0.0696528960306213 (-1.05010513717339, 0.929261348985744)","1.06087232219634 (-1.96900011587112, 4.82734438806949)","0.101127804126773 (-0.670857378293071, 0.910063505108269)","-1.44327301328112 (-3.32147980885077, 0.449801660649501)","0.229353555630763 (-1.22820381992485, 1.74337428121178)","33.3743612860907 (2.16858218150532, 105.533836192799)","1.02808933908856 (-0.464349380434926, 2.55118836749814)","-0.616585437947452 (-2.94550190728683, 1.76597063689583)","-0.0253776054271183 (-3.62591804545116, 4.08588950046391)","1.70952185478925 (0.291449882252417, 3.33589422238194)","-0.0411455954109466 (-1.20526902585054, 1.11541639008908)","-1.7879194805747 (-4.27975911908259, 0.383671826929862)","1.651568418349 (0.786316007088592, 2.59318933659649)",Gefitinib,"0.273979781920853 (-0.518075201631416, 1.09483276537219)","1.52132996889462 (0.0805111817227838, 3.02691879402407)","-0.30890176305426 (-2.15970859147073, 1.57974570622744)","2.81955971824779 (1.56186198819304, 4.26112794681314)","0.400856676087502 (-0.772167412457648, 1.57985156938797)","0.167825405679067 (-0.940176452608918, 1.31111864300779)","0.727696362646709 (-1.0116596851341, 2.58976030751773)","2.40696534123887 (0.937419814288922, 3.94415677894374)","-0.975810906024897 (-4.76382623508422, 2.02103672561658)","-0.143927384613082 (-1.01388251760049, 0.720177854118484)","-37.7426211238832 (-129.191625718858, -1.51492297198619)","2.15942033998432 (1.07356507025831, 3.36417895025305)"
Gefitinib_chemotherapy,"0.0472468833457413 (-1.21890649198851, 1.30870623043476)","-0.00474758230367833 (-1.95547723713783, 1.94551510854367)","0.553007607126543 (-1.18197836634411, 2.26824919775056)","1.6727130256304 (-0.0808932278748228, 3.42622890968579)","0.502905926743688 (-0.646626027515387, 1.70908135350203)","-0.343426806597513 (-1.61973618447304, 0.936914321883073)","0.787542677740714 (-2.36831356408762, 4.61742680381101)","-0.172119636285454 (-1.28498354452454, 0.960999166653703)","-1.7127739731153 (-3.7785542044958, 0.333725111241739)","-0.0477150475695414 (-1.70643985290189, 1.67148652951403)","33.0967901118504 (1.84988947740438, 105.184583011165)","0.755719340528347 (-0.956707727903281, 2.47419808104903)","-0.891972225377009 (-3.37511386878198, 1.62559236036769)","-0.304689473180892 (-3.9960332180901, 3.87555859040487)","1.43199217427189 (-0.175495229313885, 3.24235974649724)","-0.313933017088368 (-1.74191351311379, 1.08813205136109)","-2.06871976867462 (-4.68264289573941, 0.23778008448516)","1.37824132030198 (0.198435449008008, 2.60700375548633)","-0.273979781920853 (-1.09483276537219, 0.518075201631416)",Gefitinib_chemotherapy,"1.24767653244404 (-0.401037931528013, 2.94392555152642)","-0.582250640684369 (-2.61096941429915, 1.46536288699476)","2.54522589181193 (1.06044007682803, 4.19347259755766)","0.124576040174428 (-1.31248380464447, 1.54842314822141)","-0.104635640957463 (-1.48381538466172, 1.28456850334715)","0.454476151803789 (-1.46241169733299, 2.46954318027564)","2.12926989106712 (0.449406799091795, 3.86295243135959)","-1.25682779387997 (-5.14263431341428, 1.85893249023517)","-0.420508805469031 (-1.62378815207421, 0.753377918314144)","-37.9779265359461 (-129.49200504054, -1.77541305185039)","1.88622187723662 (0.5544649716631, 3.33075133056005)"
Gefitinib_ERi,"-1.20752386162922 (-2.85987236773504, 0.458713069657003)","-1.25986889696682 (-3.48310996235169, 0.974578041410981)","-0.700682605893153 (-2.83031360917857, 1.41629270871984)","0.423590805000868 (-1.68558652424016, 2.49174934191496)","-0.747822573996409 (-2.31982011970741, 0.839778909989696)","-1.58904350404465 (-3.28484199504468, 0.0678070227521846)","-0.461775900075721 (-3.74857718093334, 3.49472371345064)","-1.42213070740546 (-2.91538022346518, 0.0550834517216646)","-2.96633101855785 (-5.24924977094879, -0.715530060026015)","-1.29711721317874 (-3.25244862262073, 0.675428002220807)","31.9038717844267 (0.588381724449719, 104.050684450019)","-0.490081993900644 (-2.05974884392887, 1.06840736287143)","-2.13716746322057 (-4.80928581112039, 0.537612355366444)","-1.55302767363694 (-5.39474386098264, 2.72586865885354)","0.188790454789742 (-1.70477861688889, 2.22860205074875)","-1.56274896323868 (-3.31336770917725, 0.118215544122749)","-3.32105957364513 (-6.08759634526149, -0.82419688498857)","0.126819159774006 (-1.41272551755176, 1.69354966400951)","-1.52132996889462 (-3.02691879402407, -0.0805111817227838)","-1.24767653244404 (-2.94392555152642, 0.401037931528013)",Gefitinib_ERi,"-1.84166767955838 (-4.15426358417737, 0.47750012878763)","1.29648203781329 (-0.625948478829598, 3.34836407352711)","-1.11920222582585 (-2.99122023156615, 0.703806017119936)","-1.3548655814172 (-3.1248961103084, 0.411419589576045)","-0.793850044200963 (-3.02267466114965, 1.49961911298946)","0.883089670690434 (-1.13658225865877, 2.91743140029244)","-2.52054242275009 (-6.5219053637114, 0.764112825677455)","-1.66656750797749 (-3.2954974701625, -0.090871832608576)","-39.2796179367298 (-130.807359320746, -3.04149377186304)","0.635242720694922 (-1.06236250444089, 2.3865771469698)"
Gefitinib_Erlotinib,"0.631448678354273 (-1.31666310631116, 2.59514952174217)","0.579642975903766 (-1.88058236326292, 3.04889723545884)","1.13277954363089 (-1.29080222065576, 3.55771033509483)","2.255653544593 (0.266473919949308, 4.25843072867131)","1.08464453354429 (-0.723304691263388, 2.93547138526094)","0.238263974133085 (-1.76671158150406, 2.22643319052488)","1.39220172937741 (-2.10578810948254, 5.44692959995381)","0.40803671877731 (-1.43997889562622, 2.27202272433469)","-1.13095264412747 (-3.65577896027297, 1.39003442166321)","0.533868559428542 (-1.69383028415987, 2.79212750174315)","33.708917310311 (2.36762158919659, 105.849368580081)","1.34031362590413 (-0.997278361020432, 3.67484612998203)","-0.30630112186954 (-3.18270517313114, 2.58006004175032)","0.278671729612488 (-3.69196320804383, 4.70313421302622)","2.0222978532818 (-0.164701144503167, 4.36205210508894)","0.267935354588927 (-1.79791346114388, 2.28992954931356)","-1.49039743783881 (-4.4808368285728, 1.25157153246922)","1.95930152454765 (0.0746075676693739, 3.88445396347963)","0.30890176305426 (-1.57974570622744, 2.15970859147073)","0.582250640684369 (-1.46536288699476, 2.61096941429915)","1.84166767955838 (-0.47750012878763, 4.15426358417737)",Gefitinib_Erlotinib,"3.13370883441253 (0.904617443680589, 5.51093113491676)","0.710332341570243 (-1.19432286698128, 2.58695052811315)","0.480018328087896 (-1.00453344304911, 1.97716543145286)","1.03898939612617 (-0.951292044016493, 3.14623349926146)","2.71300545963268 (0.941825783681996, 4.52987841652342)","-0.676600103816844 (-4.59226720239026, 2.50669646672613)","0.164766260535168 (-1.69249402640722, 1.9916397637353)","-37.4280337276011 (-128.818020161292, -1.1117485603468)","2.47248256662813 (0.449609368799792, 4.56661838935852)"
Gefitinib_antiangio,"-2.49910116971127 (-4.22926154231425, -0.922542855469203)","-2.55117633207234 (-4.84672467103075, -0.413436025680995)","-1.99765923432414 (-4.10517751702294, -0.0210354912359238)","-0.874040121242943 (-3.02743527202483, 1.11609498318672)","-2.04407602088133 (-3.6757820488052, -0.503084904175506)","-2.88754934729681 (-4.63162763249759, -1.30141573342015)","-1.76945470706501 (-5.14132074768764, 2.19508469625343)","-2.72155504561151 (-4.34671483403194, -1.23083316752929)","-4.26835697703451 (-6.63971508076594, -2.01257684351692)","-2.59587525602349 (-4.63438361813627, -0.649395974045876)","30.5648813599791 (-0.750380322352302, 102.744831049245)","-1.79258441296573 (-3.87659232516217, 0.155780120192744)","-3.44823654672658 (-6.18385959309194, -0.758507404365392)","-2.85898740290638 (-6.7694156253854, 1.41766875576027)","-1.10981913693837 (-3.08481004428672, 0.90281720936319)","-2.86340288637507 (-4.74351588518218, -1.17342617302217)","-4.62755620043463 (-7.47198019504737, -2.11734065056492)","-1.1678169109102 (-2.8293608123026, 0.395225269034606)","-2.81955971824779 (-4.26112794681314, -1.56186198819304)","-2.54522589181193 (-4.19347259755766, -1.06044007682803)","-1.29648203781329 (-3.34836407352711, 0.625948478829598)","-3.13370883441253 (-5.51093113491676, -0.904617443680589)",Gefitinib_antiangio,"-2.42472009186808 (-4.29487301189327, -0.717154631387286)","-2.65593005471484 (-4.47661840641012, -0.971725662220679)","-2.08889950031616 (-4.32543866303182, 0.11412138782579)","-0.416767241291464 (-2.47841347495647, 1.55121931781306)","-3.8276486912566 (-7.84397498281814, -0.558327892292289)","-2.96553067517128 (-4.64762652720068, -1.45626272996028)","-40.5935671597997 (-132.123214129428, -4.33668452222205)","-0.663086005554249 (-2.43379852923879, 1.06016067358882)"
Lazertinib,"-0.0815777237830814 (-1.48512057822088, 1.34420529805136)","-0.127043416250327 (-2.17204060897358, 1.94763660338405)","0.423170317701113 (-1.49999709572401, 2.36084553508815)","1.54626440891877 (0.20317430297991, 2.89867100646977)","0.374224298808423 (-0.883756841230589, 1.7136240425837)","-0.465365812501194 (-1.91768221623641, 0.97698181644463)","0.667196267956473 (-2.5426822605459, 4.56556851548647)","-0.301574468174664 (-1.56761398620446, 1.01386220405991)","-1.83968602472261 (-3.99255011479392, 0.312535567897605)","-0.174292581438234 (-1.93262743993863, 1.64587277928139)","32.996041791088 (1.68675776663349, 105.149815200733)","0.628525245666755 (-1.22995170765971, 2.50934351628912)","-1.01479399650694 (-3.5630234859166, 1.57359422577852)","-0.421348099544303 (-4.17110527276829, 3.81220562963404)","1.30585353564582 (-0.422899520737223, 3.24304349047094)","-0.441424908507571 (-2.00754487742378, 1.09312111911157)","-2.19337433931442 (-4.8965204313534, 0.207170947258234)","1.25033864181877 (-0.0759448195276939, 2.65369533552249)","-0.400856676087502 (-1.57985156938797, 0.772167412457648)","-0.124576040174428 (-1.54842314822141, 1.31248380464447)","1.11920222582585 (-0.703806017119936, 2.99122023156615)","-0.710332341570243 (-2.58695052811315, 1.19432286698128)","2.42472009186808 (0.717154631387286, 4.29487301189327)",Lazertinib,"-0.231259504663687 (-1.37249307752544, 0.949838421118049)","0.330741911789962 (-1.42854226290628, 2.20891940616635)","2.00490833329252 (0.494329094213055, 3.56836161652941)","-1.38144739129197 (-5.18619443652943, 1.64170899104376)","-0.544249596459955 (-1.86286950170912, 0.763827339177859)","-38.1427017976223 (-129.675724422328, -1.89741482201732)","1.75614514862844 (0.26546858042481, 3.36199556976664)"
Osimertinib,"0.153166796231403 (-1.11150321999812, 1.41398381276467)","0.100432305021091 (-1.85291635949588, 2.0465302913529)","0.658310177391458 (-1.24072413201792, 2.55984248183638)","1.77855745903543 (0.452545971601215, 3.10861533064346)","0.608796548516845 (-0.443685709273129, 1.69070428474107)","-0.234719594273266 (-1.57158144515204, 1.06492818415235)","0.897113386800011 (-2.27421519365587, 4.73374067850745)","-0.06708414006016 (-1.17238902562333, 1.03038416193797)","-1.61245789773673 (-3.64945821055067, 0.413208018172153)","0.06066619571805 (-1.6003544707196, 1.72596190817156)","33.2197082675157 (1.93197717875049, 105.332987930795)","0.859562450076066 (-0.940744089774995, 2.65408010653057)","-0.78109339407997 (-3.24368416791528, 1.70458262551231)","-0.197432413528376 (-3.89097721839095, 3.96950981506241)","1.5403367404424 (-0.0693542655576762, 3.30559570883958)","-0.210307183474047 (-1.63260872257834, 1.15738649934551)","-1.96336116378852 (-4.59413141424652, 0.343733530889383)","1.48126397800622 (0.310986964232942, 2.69330696313459)","-0.167825405679067 (-1.31111864300779, 0.940176452608918)","0.104635640957463 (-1.28456850334715, 1.48381538466172)","1.3548655814172 (-0.411419589576045, 3.1248961103084)","-0.480018328087896 (-1.97716543145286, 1.00453344304911)","2.65593005471484 (0.971725662220679, 4.47661840641012)","0.231259504663687 (-0.949838421118049, 1.37249307752544)",Osimertinib,"0.5604697297807 (-0.792179887542445, 2.02456960278482)","2.23286761597774 (1.25538448843103, 3.2655842263668)","-1.13934888681857 (-4.79547852270342, 1.62270721640583)","-0.312637398468047 (-1.41386190076166, 0.747544275240299)","-37.9217442814981 (-129.446777269999, -1.66455567920839)","1.99623588414475 (0.609237372730028, 3.439298615515)"
Osimertinib_chemotherapy,"-0.408002246968882 (-2.3489536513836, 1.41792875067225)","-0.459498773965221 (-2.89559660441419, 1.88737575254978)","0.104139211321384 (-2.32938338251858, 2.39716881381183)","1.22034066039271 (-0.776125498419203, 3.10140731443815)","0.0472297080097089 (-1.74061174321875, 1.7720872617504)","-0.797105518678883 (-2.77148727667429, 1.07500545748874)","0.348092001051134 (-3.14996713126444, 4.35937981009111)","-0.629171991730545 (-2.43366077704886, 1.11204741656853)","-2.17725583879135 (-4.68451462288737, 0.248229746037223)","-0.507495673570052 (-2.70177738363428, 1.63789900609291)","32.634544285963 (1.30569693782174, 104.710633147425)","0.298189606806252 (-2.0162698427329, 2.54782534005935)","-1.34535469031876 (-4.22721481998263, 1.49370719989579)","-0.75257319204949 (-4.74278273417915, 3.62724463526931)","0.978953994934054 (-1.14014529827613, 3.20027082777068)","-0.768456182242863 (-2.82624371209368, 1.13547356818768)","-2.53877491577866 (-5.51879637720326, 0.144891712157445)","0.923346676438379 (-0.914530919339298, 2.7282692422246)","-0.727696362646709 (-2.58976030751773, 1.0116596851341)","-0.454476151803789 (-2.46954318027564, 1.46241169733299)","0.793850044200963 (-1.49961911298946, 3.02267466114965)","-1.03898939612617 (-3.14623349926146, 0.951292044016493)","2.08889950031616 (-0.11412138782579, 4.32543866303182)","-0.330741911789962 (-2.20891940616635, 1.42854226290628)","-0.5604697297807 (-2.02456960278482, 0.792179887542445)",Osimertinib_chemotherapy,"1.67108428726319 (-0.0581479142063151, 3.38436787672279)","-1.72520464945035 (-5.60220776483523, 1.37724874421917)","-0.874612831580774 (-2.71077895903116, 0.836972621928182)","-38.4886368102494 (-130.037750683031, -2.22170075885612)","1.42803856151159 (-0.55345492435553, 3.40209524583315)"
Osimertinib_antiangio,"-2.08337064936638 (-3.713827380318, -0.485943464015326)","-2.13617017792681 (-4.34394092241981, 0.0330781002030061)","-1.58514103728854 (-3.73704813047365, 0.539082661417575)","-0.457367263185375 (-2.13806330103168, 1.18591290034944)","-1.62610916538046 (-3.10045042573815, -0.169693562572942)","-2.47014544119396 (-4.14932633594567, -0.847679992403827)","-1.33650421929298 (-4.63858812404766, 2.59308644688734)","-2.30630516518031 (-3.80273240009988, -0.835745386675844)","-3.84911758742014 (-6.15436286143891, -1.60437155081965)","-2.17783248743166 (-4.12669878048326, -0.236283867412555)","30.9966258288212 (-0.332156135772951, 103.121982700125)","-1.3733312429411 (-3.44842605091411, 0.670942625141742)","-3.02403652543304 (-5.69159887835214, -0.351901281569725)","-2.43250942721233 (-6.25751246682801, 1.84761703539935)","-0.689097007785704 (-2.5973101203323, 1.32297948364916)","-2.44486243528564 (-4.21115805317566, -0.778630827486197)","-4.20662677872582 (-7.01795245213193, -1.69693758667778)","-0.75308358684378 (-2.29950000455032, 0.794860761911987)","-2.40696534123887 (-3.94415677894374, -0.937419814288922)","-2.12926989106712 (-3.86295243135959, -0.449406799091795)","-0.883089670690434 (-2.91743140029244, 1.13658225865877)","-2.71300545963268 (-4.52987841652342, -0.941825783681996)","0.416767241291464 (-1.55121931781306, 2.47841347495647)","-2.00490833329252 (-3.56836161652941, -0.494329094213055)","-2.23286761597774 (-3.2655842263668, -1.25538448843103)","-1.67108428726319 (-3.38436787672279, 0.0581479142063151)",Osimertinib_antiangio,"-3.38661962217684 (-7.16263082930204, -0.430765342278802)","-2.54596508047125 (-4.05694815990997, -1.11040022910864)","-40.1872743514495 (-131.647646372415, -3.90583268156163)","-0.240151611464826 (-1.95371036214455, 1.49916253358928)"
PD_L1i,"1.30704941843337 (-1.75509440775131, 5.12408980407087)","1.26776289190186 (-2.15997135887651, 5.3260115969415)","1.81750849621557 (-1.56669415403892, 5.89628200039613)","2.93245205443045 (-0.16367239820947, 6.78684690059697)","1.76613710131034 (-1.20517290621625, 5.52879215769086)","0.91446658974212 (-2.16082176602321, 4.76361789002964)","2.12584061674928 (-2.1434301050602, 7.23724214046665)","1.08667798570358 (-1.90032385713258, 4.86746297362363)","-0.455447893665848 (-3.89266350318582, 3.66815524024719)","1.22552020571122 (-2.03641112594804, 5.18460739278632)","34.555343677814 (2.88257708208054, 106.592964919561)","2.02586125021732 (-1.30387818326267, 6.04127873003446)","0.396216185574721 (-3.38468075908366, 4.72209850257039)","1.00805499333574 (-3.69685942812361, 6.41380889166539)","2.72312637172331 (-0.51001488116076, 6.73101552096977)","0.939864536933692 (-2.17566582517702, 4.80061856121386)","-0.807211639982282 (-4.63842126892864, 3.4477615171781)","2.63785841202085 (-0.380470011437529, 6.45586361809235)","0.975810906024897 (-2.02103672561658, 4.76382623508422)","1.25682779387997 (-1.85893249023517, 5.14263431341428)","2.52054242275009 (-0.764112825677455, 6.5219053637114)","0.676600103816844 (-2.50669646672613, 4.59226720239026)","3.8276486912566 (0.558327892292289, 7.84397498281814)","1.38144739129197 (-1.64170899104376, 5.18619443652943)","1.13934888681857 (-1.62270721640583, 4.79547852270342)","1.72520464945035 (-1.37724874421917, 5.60220776483523)","3.38661962217684 (0.430765342278802, 7.16263082930204)",PD_L1i,"0.836008612495112 (-2.15307300298722, 4.60980385675033)","-36.6722067077113 (-128.251427209476, -0.217104477247743)","3.15352845953783 (0.0318070273844727, 7.03593400947715)"
Placebo,"0.467635008593126 (-0.514207089277584, 1.47320346021941)","0.414755223612184 (-1.36220387667071, 2.22063326410566)","0.971525310716309 (-0.800790130924873, 2.75080608497203)","2.09080616271984 (0.510581978587755, 3.70198560132262)","0.924744807403528 (0.0470911854490428, 1.85312684137469)","0.0761143985791657 (-0.919462980752382, 1.09059485398479)","1.20889366322333 (-1.81238808776875, 4.9599358196963)","0.245402492000077 (-0.483485936866145, 1.01156897990282)","-1.29665914775281 (-3.16217200828867, 0.587693025040889)","0.373843658377204 (-1.07759098421447, 1.8656089139994)","33.5705984221756 (2.28816633635652, 105.742128189557)","1.17624029402011 (-0.448807804006037, 2.81572284447372)","-0.468334173834652 (-2.8163795187857, 1.90747633835287)","0.120253388387251 (-3.47677620413829, 4.22145567457599)","1.85291480428848 (0.464756106471817, 3.45775910256004)","0.104000657372675 (-1.03827993459807, 1.2264397070829)","-1.64246699279839 (-4.14157350399594, 0.506116187939831)","1.79514276357383 (0.964331251098493, 2.69762733085289)","0.143927384613082 (-0.720177854118484, 1.01388251760049)","0.420508805469031 (-0.753377918314144, 1.62378815207421)","1.66656750797749 (0.090871832608576, 3.2954974701625)","-0.164766260535168 (-1.9916397637353, 1.69249402640722)","2.96553067517128 (1.45626272996028, 4.64762652720068)","0.544249596459955 (-0.763827339177859, 1.86286950170912)","0.312637398468047 (-0.747544275240299, 1.41386190076166)","0.874612831580774 (-0.836972621928182, 2.71077895903116)","2.54596508047125 (1.11040022910864, 4.05694815990997)","-0.836008612495112 (-4.60980385675033, 2.15307300298722)",Placebo,"-37.6030699428686 (-129.104537021113, -1.36082820473003)","2.30447579015607 (1.18692159626429, 3.52200835941258)"
Rociletinib,"38.1035307556983 (1.81400473036038, 129.567956532775)","38.0121099927048 (1.68661954820362, 129.486701115816)","38.5687817307018 (2.27685704696128, 130.170510550114)","39.6641512987115 (3.41856876415251, 131.221385367793)","38.5507911760095 (2.29424088176777, 130.053159090499)","37.6791118379328 (1.43896478186322, 129.217577898884)","38.9142935146661 (2.39122343618691, 130.38409510164)","37.8456417557059 (1.62090786970364, 129.386163990496)","36.2873443385227 (-0.0290628953656514, 127.801190321115)","37.9913077285539 (1.74430218521807, 129.442234126585)","79.0254982136855 (14.4929918771743, 184.239026363154)","38.802922891235 (2.4930757799717, 130.257370139986)","37.1590448978439 (0.841929642025893, 128.704195817965)","37.8457013385429 (1.2029104331288, 129.267827136896)","39.4756286659226 (3.21786798813097, 130.95157977001)","37.6989972722043 (1.45848795967852, 129.181315701483)","35.9466814965646 (-0.444095014268344, 127.439572297092)","39.4224055082578 (3.18211892844296, 130.95211531293)","37.7426211238832 (1.51492297198619, 129.191625718858)","37.9779265359461 (1.77541305185039, 129.49200504054)","39.2796179367298 (3.04149377186304, 130.807359320746)","37.4280337276011 (1.1117485603468, 128.818020161292)","40.5935671597997 (4.33668452222205, 132.123214129428)","38.1427017976223 (1.89741482201732, 129.675724422328)","37.9217442814981 (1.66455567920839, 129.446777269999)","38.4886368102494 (2.22170075885612, 130.037750683031)","40.1872743514495 (3.90583268156163, 131.647646372415)","36.6722067077113 (0.217104477247743, 128.251427209476)","37.6030699428686 (1.36082820473003, 129.104537021113)",Rociletinib,"39.9539707485703 (3.66214485986408, 131.352373619153)"
antiangio,"-1.8383899105497 (-3.15839641567141, -0.610524578708404)","-1.89397773590888 (-3.90592306708531, 0.0283416181708952)","-1.33405941519294 (-3.29766241103021, 0.532020026740606)","-0.215075364036765 (-2.07664645990407, 1.56976629965958)","-1.3820612514408 (-2.53513106635115, -0.276293644067312)","-2.22796494239574 (-3.56993129585367, -0.987963559454511)","-1.10959444143054 (-4.21345926321019, 2.67827440966171)","-2.05842024903941 (-3.03784072296342, -1.1604962566673)","-3.6075069792815 (-5.59291842986373, -1.68987890260141)","-1.93043539124849 (-3.53410411228322, -0.380126148219763)","31.2029916910704 (-0.00800895175055322, 103.386542310807)","-1.13160460471456 (-2.91409736578074, 0.593626798778866)","-2.77951951988492 (-5.21658336786911, -0.37344699449537)","-2.19784547341975 (-5.86006812884805, 1.9367531998514)","-0.453512861179494 (-1.97304335201613, 1.19034745432708)","-2.19933164569366 (-3.55126288576146, -0.99715308411162)","-3.96395480771549 (-6.51661427836786, -1.75735288130353)","-0.508288175804121 (-1.51490305148007, 0.457884276029334)","-2.15942033998432 (-3.36417895025305, -1.07356507025831)","-1.88622187723662 (-3.33075133056005, -0.5544649716631)","-0.635242720694922 (-2.3865771469698, 1.06236250444089)","-2.47248256662813 (-4.56661838935852, -0.449609368799792)","0.663086005554249 (-1.06016067358882, 2.43379852923879)","-1.75614514862844 (-3.36199556976664, -0.26546858042481)","-1.99623588414475 (-3.439298615515, -0.609237372730028)","-1.42803856151159 (-3.40209524583315, 0.55345492435553)","0.240151611464826 (-1.49916253358928, 1.95371036214455)","-3.15352845953783 (-7.03593400947715, -0.0318070273844727)","-2.30447579015607 (-3.52200835941258, -1.18692159626429)","-39.9539707485703 (-131.352373619153, -3.66214485986408)",antiangio
