"1st-generation EGFR TKIs + MMP inhibitor",".",".",".","0.21 (0.04 to  1.26)",".",".",".",".",".",".",".",".",".",".",".",".",".",".",".",".","."
"0.81 (0.08 to    8.05)","1st-generation EGFR TKIs + Autophagy inhibitor",".",".","0.26 (0.06 to  1.14)",".",".",".",".",".",".",".",".",".",".",".",".",".",".",".",".","."
"0.43 (0.03 to    5.56)","0.53 (0.05 to    5.59)","1st-generation EGFR TKIs + HER3 inhibitor",".","0.49 (0.08 to  3.11)",".",".",".",".",".",".",".",".",".",".",".",".",".",".",".",".","."
"0.64 (0.01 to   29.50)","0.79 (0.02 to   31.78)","1.48 (0.03 to   70.30)","Rociletinib","0.33 (0.01 to  9.90)",".",".",".",".",".",".",".",".",".",".",".",".",".",".",".",".","."
"0.21 (0.04 to    1.26)","0.26 (0.06 to    1.14)","0.49 (0.08 to    3.11)","0.33 (0.01 to    9.90)","1st-generation EGFR TKIs","1.32 (0.09 to 20.18)","0.87 (0.42 to  1.81)","0.97 (0.52 to  1.82)",".",".","0.79 (0.44 to  1.41)","0.77 (0.38 to  1.56)","0.57 (0.06 to  5.67)","0.33 (0.15 to  0.71)","0.63 (0.33 to  1.20)","0.35 (0.08 to  1.43)",".","0.31 (0.11 to  0.91)","0.20 (0.14 to  0.29)","0.17 (0.08 to  0.40)",".","."
"0.28 (0.01 to    7.31)","0.35 (0.02 to    7.68)","0.65 (0.02 to   17.51)","0.44 (0.01 to   34.16)","1.32 (0.09 to   20.18)","1st-generation EGFR TKIs + HGF inhibitor",".",".",".",".",".",".",".",".",".",".",".",".",".",".",".","."
"0.19 (0.03 to    1.25)","0.24 (0.05 to    1.15)","0.45 (0.07 to    3.08)","0.30 (0.01 to    9.44)","0.91 (0.51 to    1.61)","0.69 (0.04 to   11.16)","Placebo","0.57 (0.19 to  1.72)",".",".",".",".",".","1.01 (0.29 to  3.54)",".",".",".",".",".",".",".","."
"0.19 (0.03 to    1.19)","0.23 (0.05 to    1.09)","0.43 (0.06 to    2.93)","0.29 (0.01 to    9.04)","0.88 (0.52 to    1.47)","0.66 (0.04 to   10.67)","0.97 (0.49 to    1.91)","2nd-generation EGFR TKIs","1.05 (0.31 to  3.54)",".",".",".",".",".","0.45 (0.14 to  1.45)",".",".",".",".",".",".","."
"0.20 (0.02 to    1.80)","0.24 (0.03 to    1.74)","0.46 (0.05 to    4.39)","0.31 (0.01 to   11.73)","0.92 (0.25 to    3.45)","0.70 (0.03 to   14.48)","1.02 (0.25 to    4.09)","1.05 (0.31 to    3.54)","2nd-generation EGFR TKIs + Cetuximab",".",".",".",".",".",".",".",".",".",".",".",".","."
"0.21 (0.01 to    4.02)","0.25 (0.02 to    4.16)","0.47 (0.02 to    9.67)","0.32 (0.01 to   20.23)","0.96 (0.09 to   10.47)","0.72 (0.02 to   27.27)","1.05 (0.09 to   11.97)","1.09 (0.10 to   12.47)","1.03 (0.07 to   15.73)","3rd-generation EGFR TKIs + PD-L1 inhibitor",".",".",".","0.54 (0.05 to  5.47)",".",".",".",".",".",".",".","."
"0.17 (0.03 to    1.10)","0.21 (0.04 to    1.02)","0.40 (0.06 to    2.72)","0.27 (0.01 to    8.34)","0.80 (0.46 to    1.41)","0.61 (0.04 to    9.86)","0.89 (0.40 to    1.98)","0.92 (0.43 to    1.96)","0.87 (0.21 to    3.64)","0.84 (0.07 to    9.83)","1st-generation EGFR TKIs + chemotherapy",".",".",".","0.61 (0.06 to  6.08)",".",".",".",".",".",".","."
"0.17 (0.02 to    1.11)","0.20 (0.04 to    1.03)","0.38 (0.05 to    2.74)","0.26 (0.01 to    8.22)","0.77 (0.38 to    1.56)","0.58 (0.03 to    9.77)","0.85 (0.34 to    2.11)","0.88 (0.37 to    2.11)","0.83 (0.19 to    3.72)","0.81 (0.07 to    9.79)","0.96 (0.39 to    2.37)","1st-generation EGFR TKIs + MET inhibitor",".",".",".",".",".",".",".",".",".","."
"0.12 (0.01 to    2.22)","0.15 (0.01 to    2.29)","0.28 (0.01 to    5.35)","0.19 (0.00 to   11.43)","0.57 (0.06 to    5.67)","0.43 (0.01 to   15.28)","0.63 (0.06 to    6.72)","0.65 (0.06 to    6.85)","0.62 (0.04 to    8.72)","0.60 (0.02 to   16.48)","0.71 (0.07 to    7.57)","0.74 (0.07 to    8.18)","DHFR inhibitor",".",".",".",".",".",".",".",".","."
"0.11 (0.02 to    0.72)","0.14 (0.03 to    0.66)","0.26 (0.04 to    1.77)","0.17 (0.01 to    5.40)","0.52 (0.28 to    0.95)","0.39 (0.02 to    6.39)","0.57 (0.27 to    1.19)","0.59 (0.27 to    1.26)","0.56 (0.13 to    2.34)","0.54 (0.05 to    5.47)","0.64 (0.28 to    1.47)","0.67 (0.26 to    1.70)","0.91 (0.08 to    9.76)","3rd-generation EGFR TKIs","0.51 (0.15 to  1.79)",".","0.64 (0.21 to  1.98)",".",".",".","0.18 (0.06 to  0.55)","0.13 (0.06 to  0.31)"
"0.11 (0.02 to    0.68)","0.13 (0.03 to    0.62)","0.25 (0.04 to    1.67)","0.17 (0.01 to    5.15)","0.50 (0.29 to    0.85)","0.38 (0.02 to    6.08)","0.55 (0.26 to    1.16)","0.57 (0.29 to    1.10)","0.54 (0.14 to    2.15)","0.52 (0.05 to    5.90)","0.62 (0.29 to    1.32)","0.65 (0.27 to    1.56)","0.87 (0.08 to    9.25)","0.97 (0.47 to    1.98)","Chemotherapy",".",".",".",".",".",".","."
"0.07 (0.01 to    0.72)","0.09 (0.01 to    0.70)","0.17 (0.02 to    1.75)","0.12 (0.00 to    4.55)","0.35 (0.08 to    1.43)","0.26 (0.01 to    5.67)","0.38 (0.08 to    1.77)","0.39 (0.09 to    1.79)","0.37 (0.05 to    2.60)","0.36 (0.02 to    5.85)","0.43 (0.09 to    1.99)","0.45 (0.09 to    2.19)","0.61 (0.04 to    9.03)","0.67 (0.14 to    3.14)","0.69 (0.15 to    3.16)","1st-generation EGFR TKIs + ER inhibitor",".",".",".",".",".","."
"0.07 (0.01 to    0.63)","0.09 (0.01 to    0.61)","0.16 (0.02 to    1.54)","0.11 (0.00 to    4.14)","0.33 (0.09 to    1.19)","0.25 (0.01 to    5.10)","0.37 (0.09 to    1.40)","0.38 (0.10 to    1.47)","0.36 (0.06 to    2.22)","0.35 (0.03 to    4.55)","0.41 (0.10 to    1.67)","0.43 (0.10 to    1.85)","0.58 (0.04 to    8.06)","0.64 (0.21 to    1.98)","0.66 (0.17 to    2.53)","0.96 (0.14 to    6.49)","3rd-generation EGFR TKIs + chemotherapy",".",".",".",".","."
"0.07 (0.01 to    0.53)","0.08 (0.01 to    0.50)","0.15 (0.02 to    1.29)","0.10 (0.00 to    3.64)","0.31 (0.11 to    0.91)","0.24 (0.01 to    4.42)","0.34 (0.10 to    1.16)","0.36 (0.11 to    1.16)","0.34 (0.06 to    1.84)","0.33 (0.02 to    4.49)","0.39 (0.12 to    1.30)","0.40 (0.11 to    1.45)","0.55 (0.04 to    6.90)","0.60 (0.18 to    2.06)","0.63 (0.19 to    2.06)","0.90 (0.15 to    5.34)","0.94 (0.18 to    4.98)","1st-generation EGFR TKIs + IGF-1R inhibitor",".",".",".","."
"0.04 (0.01 to    0.27)","0.05 (0.01 to    0.24)","0.10 (0.02 to    0.66)","0.07 (0.00 to    2.06)","0.20 (0.14 to    0.29)","0.15 (0.01 to    2.42)","0.23 (0.11 to    0.44)","0.23 (0.12 to    0.44)","0.22 (0.06 to    0.87)","0.21 (0.02 to    2.40)","0.25 (0.13 to    0.50)","0.26 (0.12 to    0.58)","0.36 (0.04 to    3.66)","0.40 (0.20 to    0.80)","0.41 (0.22 to    0.77)","0.59 (0.14 to    2.56)","0.62 (0.16 to    2.33)","0.65 (0.21 to    2.01)","1st-generation EGFR TKIs + antiangiogenesis","0.58 (0.15 to  2.28)",".","."
"0.04 (0.01 to    0.25)","0.04 (0.01 to    0.23)","0.08 (0.01 to    0.61)","0.06 (0.00 to    1.82)","0.17 (0.08 to    0.36)","0.13 (0.01 to    2.17)","0.19 (0.07 to    0.48)","0.19 (0.08 to    0.48)","0.18 (0.04 to    0.84)","0.18 (0.01 to    2.18)","0.21 (0.08 to    0.54)","0.22 (0.08 to    0.62)","0.30 (0.03 to    3.33)","0.33 (0.12 to    0.87)","0.34 (0.13 to    0.86)","0.49 (0.10 to    2.45)","0.51 (0.11 to    2.26)","0.54 (0.14 to    2.01)","0.82 (0.37 to    1.86)","Antiangiogenesis",".","."
"0.02 (0.00 to    0.18)","0.02 (0.00 to    0.17)","0.05 (0.01 to    0.43)","0.03 (0.00 to    1.17)","0.09 (0.03 to    0.33)","0.07 (0.00 to    1.44)","0.10 (0.03 to    0.39)","0.11 (0.03 to    0.41)","0.10 (0.02 to    0.62)","0.10 (0.01 to    1.29)","0.12 (0.03 to    0.47)","0.12 (0.03 to    0.52)","0.17 (0.01 to    2.28)","0.18 (0.06 to    0.55)","0.19 (0.05 to    0.71)","0.27 (0.04 to    1.83)","0.28 (0.06 to    1.38)","0.30 (0.06 to    1.58)","0.46 (0.12 to    1.71)","0.56 (0.13 to    2.46)","3rd-generation EGFR TKIs + Amivantamab","."
"0.01 (0.00 to    0.11)","0.02 (0.00 to    0.11)","0.03 (0.00 to    0.28)","0.02 (0.00 to    0.78)","0.07 (0.02 to    0.19)","0.05 (0.00 to    0.95)","0.07 (0.02 to    0.23)","0.08 (0.02 to    0.24)","0.07 (0.01 to    0.39)","0.07 (0.01 to    0.83)","0.08 (0.03 to    0.28)","0.09 (0.02 to    0.31)","0.12 (0.01 to    1.48)","0.13 (0.06 to    0.31)","0.14 (0.04 to    0.41)","0.20 (0.03 to    1.14)","0.20 (0.05 to    0.84)","0.22 (0.05 to    0.96)","0.33 (0.11 to    1.00)","0.40 (0.11 to    1.47)","0.71 (0.18 to    2.90)","3rd-generation EGFR TKIs + antiangiogenesis"
