"Antiangiogenesis","6.34 (0.92 to  43.85)",".",".",".",".",".",".",".",".",".",".",".",".",".",".","2.25 (0.60 to   8.39)",".","."
"1.15 (0.35 to    3.77)","1st-generation EGFR TKIs + antiangiogenesis",".",".",".",".",".",".",".",".",".",".",".",".",".",".","3.89 (2.30 to   6.57)",".","."
"1.01 (0.12 to    8.42)","0.87 (0.14 to    5.62)","3rd-generation EGFR TKIs + Amivantamab",".",".",".",".",".",".",".",".","2.69 (0.56 to  12.93)",".",".",".",".",".",".","."
"1.07 (0.12 to    9.39)","0.93 (0.14 to    6.31)","1.06 (0.11 to   10.26)","3rd-generation EGFR TKIs + chemotherapy",".",".",".",".",".",".",".","2.54 (0.49 to  13.08)",".",".",".",".",".",".","."
"0.78 (0.02 to   27.82)","0.68 (0.02 to   20.78)","0.77 (0.02 to   35.56)","0.73 (0.02 to   34.55)","1st-generation EGFR TKIs + ER inhibitor",".",".",".",".",".",".",".",".",".",".",".","5.06 (0.17 to 149.06)",".","."
"1.43 (0.20 to   10.13)","1.24 (0.23 to    6.59)","1.42 (0.18 to   11.18)","1.34 (0.16 to   11.13)","1.83 (0.04 to   76.89)","3rd-generation EGFR TKIs + antiangiogenesis",".",".",".",".",".","1.89 (0.50 to   7.23)",".",".",".",".",".",".","."
"1.24 (0.03 to   55.75)","1.08 (0.03 to   42.03)","1.23 (0.02 to   70.23)","1.16 (0.02 to   68.12)","1.59 (0.01 to  226.68)","0.87 (0.02 to   45.49)","1st-generation EGFR TKIs + HGF inhibitor",".",".",".",".",".",".",".",".",".","3.18 (0.08 to 119.63)",".","."
"1.52 (0.14 to   16.58)","1.31 (0.15 to   11.44)","1.50 (0.10 to   23.18)","1.42 (0.09 to   22.77)","1.94 (0.04 to  104.02)","1.06 (0.08 to   14.40)","1.22 (0.02 to   80.64)","2nd-generation EGFR TKIs + Cetuximab",".",".",".",".",".","1.98 (0.27 to  14.33)",".",".",".",".","."
"1.63 (0.19 to   13.81)","1.42 (0.22 to    9.24)","1.62 (0.13 to   20.49)","1.53 (0.12 to   20.19)","2.09 (0.05 to   96.55)","1.14 (0.10 to   12.60)","1.31 (0.02 to   75.42)","1.08 (0.07 to   17.18)","1st-generation EGFR TKIs + IGF-1R inhibitor",".",".",".",".",".",".",".","2.42 (0.40 to  14.71)",".","."
"2.26 (0.14 to   35.67)","1.96 (0.15 to   25.44)","2.23 (0.10 to   48.79)","2.11 (0.09 to   47.73)","2.88 (0.04 to  195.13)","1.57 (0.08 to   30.77)","1.81 (0.02 to  149.63)","1.49 (0.06 to   39.40)","1.38 (0.06 to   30.46)","DHFR inhibitor",".",".",".",".",".",".","1.75 (0.14 to  21.65)",".","."
"2.39 (0.64 to    8.98)","2.07 (0.89 to    4.83)","2.36 (0.37 to   15.04)","2.23 (0.33 to   15.06)","3.05 (0.10 to   96.03)","1.67 (0.32 to    8.75)","1.92 (0.05 to   76.74)","1.57 (0.18 to   13.76)","1.46 (0.21 to   10.01)","1.06 (0.08 to   14.26)","Chemotherapy","1.49 (0.26 to   8.55)",".","1.79 (0.34 to   9.43)","1.65 (0.13 to  20.39)",".","1.46 (0.66 to   3.24)",".","."
"2.72 (0.65 to   11.28)","2.35 (0.87 to    6.37)","2.69 (0.56 to   12.93)","2.54 (0.49 to   13.08)","3.47 (0.11 to  113.62)","1.89 (0.50 to    7.23)","2.18 (0.05 to   90.57)","1.79 (0.19 to   16.84)","1.66 (0.23 to   12.21)","1.20 (0.08 to   17.09)","1.14 (0.43 to    3.03)","3rd-generation EGFR TKIs",".",".",".","0.98 (0.23 to   4.18)","1.98 (0.62 to   6.35)",".","."
"2.87 (0.67 to   12.19)","2.48 (0.89 to    6.96)","2.84 (0.39 to   20.90)","2.68 (0.34 to   20.84)","3.66 (0.11 to  121.12)","2.00 (0.32 to   12.35)","2.30 (0.05 to   96.48)","1.89 (0.19 to   18.53)","1.75 (0.23 to   13.11)","1.27 (0.09 to   18.27)","1.20 (0.39 to    3.67)","1.06 (0.31 to    3.62)","1st-generation EGFR TKIs + MET inhibitor",".",".",".","1.38 (0.57 to   3.37)",".","."
"3.00 (0.79 to   11.45)","2.60 (1.09 to    6.21)","2.97 (0.45 to   19.62)","2.80 (0.40 to   19.62)","3.83 (0.12 to  121.34)","2.09 (0.38 to   11.46)","2.41 (0.06 to   96.93)","1.98 (0.27 to   14.33)","1.84 (0.26 to   12.71)","1.33 (0.10 to   18.05)","1.26 (0.52 to    3.04)","1.10 (0.39 to    3.15)","1.05 (0.34 to    3.25)","2nd-generation EGFR TKIs",".","1.81 (0.48 to   6.81)","1.21 (0.51 to   2.89)",".","."
"3.29 (0.80 to   13.59)","2.85 (1.06 to    7.66)","3.25 (0.45 to   23.36)","3.07 (0.40 to   23.31)","4.20 (0.13 to  137.31)","2.29 (0.38 to   13.77)","2.64 (0.06 to  109.46)","2.17 (0.23 to   20.80)","2.01 (0.27 to   14.74)","1.46 (0.10 to   20.64)","1.38 (0.49 to    3.89)","1.21 (0.37 to    3.98)","1.15 (0.34 to    3.92)","1.10 (0.37 to    3.26)","1st-generation EGFR TKIs + chemotherapy",".","1.26 (0.53 to   3.02)",".","."
"3.55 (0.92 to   13.65)","3.07 (1.27 to    7.44)","3.51 (0.56 to   22.02)","3.31 (0.50 to   22.05)","4.53 (0.14 to  143.98)","2.47 (0.48 to   12.79)","2.85 (0.07 to  114.98)","2.34 (0.27 to   20.24)","2.17 (0.31 to   15.12)","1.57 (0.12 to   21.45)","1.49 (0.58 to    3.80)","1.31 (0.50 to    3.38)","1.24 (0.39 to    3.89)","1.18 (0.50 to    2.79)","1.08 (0.36 to    3.26)","Placebo","1.22 (0.49 to   3.03)",".","."
"3.96 (1.27 to   12.39)","3.43 (2.05 to    5.75)","3.92 (0.66 to   23.40)","3.70 (0.58 to   23.48)","5.06 (0.17 to  149.06)","2.76 (0.56 to   13.51)","3.18 (0.08 to  119.63)","2.61 (0.32 to   21.35)","2.42 (0.40 to   14.71)","1.75 (0.14 to   21.65)","1.66 (0.85 to    3.25)","1.46 (0.62 to    3.42)","1.38 (0.57 to    3.37)","1.32 (0.65 to    2.67)","1.20 (0.52 to    2.80)","1.12 (0.54 to    2.29)","1st-generation EGFR TKIs","3.08 (0.09 to 106.97)","9.38 (0.35 to 250.29)"
"12.20 (0.29 to  506.58)","10.56 (0.29 to  380.82)","12.07 (0.23 to  641.01)","11.39 (0.21 to  622.10)","15.58 (0.12 to 2096.87)","8.51 (0.17 to  414.62)","9.80 (0.06 to 1565.41)","8.04 (0.13 to  496.63)","7.46 (0.14 to  399.24)","5.40 (0.07 to  417.52)","5.11 (0.14 to  189.01)","4.49 (0.12 to  172.52)","4.25 (0.11 to  164.99)","4.07 (0.11 to  151.30)","3.71 (0.10 to  142.24)","3.44 (0.09 to  128.35)","3.08 (0.09 to  106.97)","1st-generation EGFR TKIs + Autophagy inhibitor","."
"37.16 (1.15 to 1201.53)","32.18 (1.16 to  893.70)","36.77 (0.87 to 1545.68)","34.71 (0.80 to 1502.66)","47.46 (0.43 to 5296.04)","25.91 (0.68 to  994.31)","29.85 (0.22 to 3979.78)","24.49 (0.50 to 1208.44)","22.73 (0.54 to  963.14)","16.46 (0.26 to 1028.41)","15.56 (0.54 to  444.45)","13.68 (0.46 to  406.84)","12.96 (0.43 to  389.37)","12.39 (0.43 to  355.94)","11.30 (0.38 to  335.38)","10.48 (0.36 to  302.02)","9.38 (0.35 to  250.29)","3.05 (0.02 to  383.01)","1st-generation EGFR TKIs + MMP inhibitor"
