"Osimertinib + antiangiogenesis",".",".",".",".",".",".",".",".",".",".",".",".",".",".","8.95 (1.58 to  50.67)",".",".",".",".",".",".",".","."
"0.80 (0.01 to    45.57)","Icotinib",".",".",".",".",".",".",".","7.07 (0.36 to 137.79)",".",".",".",".",".",".",".",".",".",".",".",".",".","."
"1.40 (0.05 to    37.93)","1.76 (0.02 to   135.96)","Antiangiogenesis",".",".",".",".",".",".",".",".",".",".",".","5.53 (0.63 to  48.29)",".",".",".",".",".",".",".",".","."
"1.85 (0.03 to   127.48)","2.33 (0.03 to   185.34)","1.33 (0.01 to   121.64)","Gefitinib + PARP inhibitor",".",".",".",".",".","3.03 (0.12 to  75.44)",".",".",".",".",".",".",".",".",".",".",".",".",".","."
"2.51 (0.04 to   146.35)","3.15 (0.02 to   447.19)","1.79 (0.04 to    86.72)","1.35 (0.01 to   222.87)","Erlotinib + MMP inhibitor",".",".",".",".",".",".",".",".",".","3.08 (0.12 to  76.92)",".",".",".",".",".",".",".",".","."
"3.46 (0.19 to    63.44)","4.35 (0.08 to   251.96)","2.48 (0.18 to    34.65)","1.87 (0.03 to   129.64)","1.38 (0.04 to    48.16)","Erlotinib + IGF-1R inhibitor",".",".",".",".",".",".",".",".","2.23 (0.50 to  10.04)",".",".",".",".",".",".",".",".","."
"3.82 (0.58 to    25.22)","4.80 (0.11 to   200.90)","2.73 (0.15 to    49.99)","2.06 (0.04 to   104.93)","1.52 (0.04 to    65.12)","1.10 (0.10 to    12.81)","Osimertinib + chemotherapy",".",".",".",".",".",".",".",".","2.34 (1.11 to   4.95)",".",".",".",".",".",".",".","."
"3.01 (0.06 to   154.45)","3.79 (0.03 to   483.42)","2.16 (0.05 to    90.91)","1.63 (0.01 to   241.70)","1.20 (0.01 to   101.24)","0.87 (0.03 to    26.09)","0.79 (0.02 to    29.25)","Erlotinib + HER3 inhibitor",".",".",".",".",".",".","2.56 (0.12 to  54.10)",".",".",".",".",".",".",".",".","."
"5.29 (0.38 to    73.03)","6.64 (0.14 to   315.78)","3.78 (0.37 to    38.61)","2.85 (0.05 to   163.92)","2.11 (0.08 to    58.57)","1.53 (0.27 to     8.53)","1.38 (0.17 to    11.41)","1.75 (0.07 to    41.43)","Erlotinib + antiangiogenesis",".",".",".",".",".","1.46 (0.63 to   3.38)",".",".",".",".",".",".",".",".","."
"5.63 (0.36 to    88.07)","7.07 (0.36 to   137.79)","4.02 (0.17 to    96.39)","3.03 (0.12 to    75.44)","2.24 (0.04 to   118.60)","1.62 (0.10 to    25.82)","1.47 (0.15 to    14.16)","1.87 (0.04 to    86.20)","1.06 (0.09 to    12.56)","Gefitinib","2.92 (0.12 to  71.72)","1.37 (0.14 to  13.27)",".",".",".",".","0.33 (0.01 to   8.15)",".",".","3.00 (0.12 to  74.06)","4.92 (0.23 to 102.99)",".",".","."
"6.72 (0.50 to    90.00)","8.45 (0.21 to   343.83)","4.81 (0.27 to    85.39)","3.63 (0.07 to   179.84)","2.68 (0.06 to   112.01)","1.94 (0.17 to    21.75)","1.76 (0.22 to    13.95)","2.23 (0.06 to    80.70)","1.27 (0.16 to    10.06)","1.20 (0.13 to    10.97)","Chemotherapy",".",".",".","2.77 (0.11 to  68.50)","0.41 (0.02 to   8.53)",".","6.39 (0.26 to 158.01)",".",".",".",".",".","."
"7.70 (0.22 to   272.74)","9.68 (0.23 to   406.90)","5.50 (0.11 to   273.36)","4.15 (0.08 to   212.47)","3.07 (0.03 to   296.99)","2.22 (0.06 to    79.70)","2.01 (0.08 to    49.77)","2.55 (0.03 to   219.84)","1.46 (0.05 to    41.69)","1.37 (0.14 to    13.27)","1.14 (0.05 to    27.36)","Gefitinib + chemotherapy",".",".",".",".",".",".",".",".",".",".",".","."
"7.73 (0.27 to   223.89)","9.71 (0.12 to   789.95)","5.53 (0.24 to   127.23)","4.17 (0.04 to   400.98)","3.08 (0.06 to   157.80)","2.23 (0.15 to    33.89)","2.02 (0.10 to    39.88)","2.56 (0.06 to   114.56)","1.46 (0.13 to    16.38)","1.37 (0.05 to    35.24)","1.15 (0.06 to    22.00)","1.00 (0.02 to    52.71)","Dacomitinib",".","1.00 (0.10 to   9.65)",".",".",".",".",".",".",".",".","."
"7.81 (0.50 to   121.33)","9.82 (0.19 to   505.81)","5.59 (0.48 to    65.08)","4.21 (0.07 to   261.59)","3.12 (0.10 to    95.02)","2.26 (0.34 to    15.01)","2.05 (0.21 to    19.47)","2.59 (0.10 to    67.52)","1.48 (0.36 to     6.14)","1.39 (0.10 to    18.55)","1.16 (0.13 to    10.64)","1.01 (0.03 to    31.86)","1.01 (0.08 to    12.86)","Erlotinib + MET inhibitor","0.99 (0.31 to   3.13)",".",".",".",".",".",".",".",".","."
"7.73 (0.64 to    93.08)","9.71 (0.22 to   421.05)","5.53 (0.63 to    48.29)","4.17 (0.08 to   219.53)","3.08 (0.12 to    76.92)","2.23 (0.50 to    10.04)","2.02 (0.29 to    14.02)","2.56 (0.12 to    54.10)","1.46 (0.63 to     3.38)","1.37 (0.13 to    14.00)","1.15 (0.17 to     7.61)","1.00 (0.04 to    25.84)","1.00 (0.10 to     9.65)","0.99 (0.31 to     3.13)","Erlotinib",".",".","1.28 (0.31 to   5.21)","1.67 (0.21 to  12.97)",".","3.02 (0.49 to  18.58)",".","9.00 (0.27 to 299.86)","."
"8.95 (1.58 to    50.67)","11.26 (0.29 to   436.62)","6.40 (0.39 to   106.25)","4.83 (0.10 to   228.93)","3.57 (0.09 to   141.59)","2.59 (0.25 to    26.71)","2.34 (1.11 to     4.95)","2.97 (0.09 to   101.80)","1.69 (0.24 to    12.18)","1.59 (0.19 to    13.48)","1.33 (0.19 to     9.18)","1.16 (0.05 to    26.30)","1.16 (0.06 to    20.78)","1.15 (0.14 to     9.61)","1.16 (0.19 to     6.92)","Osimertinib","1.84 (0.30 to  11.27)",".",".",".","0.85 (0.20 to   3.62)","2.18 (0.49 to   9.78)",".","5.07 (0.87 to  29.52)"
"9.71 (0.88 to   107.07)","12.20 (0.29 to   509.81)","6.94 (0.29 to   166.00)","5.23 (0.10 to   266.30)","3.87 (0.07 to   204.33)","2.80 (0.18 to    44.46)","2.54 (0.41 to    15.71)","3.22 (0.07 to   148.50)","1.84 (0.16 to    21.61)","1.73 (0.18 to    16.55)","1.44 (0.13 to    15.61)","1.26 (0.05 to    31.10)","1.26 (0.05 to    32.18)","1.24 (0.09 to    16.56)","1.26 (0.12 to    12.77)","1.08 (0.21 to     5.71)","Lazertinib",".",".",".",".","1.18 (0.16 to   9.03)",".","."
"11.34 (0.94 to   137.33)","14.26 (0.33 to   619.98)","8.11 (0.68 to    96.27)","6.12 (0.12 to   323.20)","4.53 (0.15 to   139.84)","3.28 (0.48 to    22.32)","2.97 (0.43 to    20.72)","3.76 (0.14 to    99.43)","2.15 (0.50 to     9.21)","2.02 (0.20 to    20.65)","1.69 (0.25 to    11.22)","1.47 (0.06 to    38.06)","1.47 (0.11 to    19.02)","1.45 (0.28 to     7.62)","1.47 (0.45 to     4.83)","1.27 (0.21 to     7.61)","1.17 (0.11 to    11.93)","Afatinib",".",".","1.51 (0.24 to   9.66)",".",".","."
"12.88 (0.51 to   324.14)","16.18 (0.22 to  1183.22)","9.21 (0.47 to   182.22)","6.94 (0.08 to   603.03)","5.14 (0.11 to   233.31)","3.72 (0.29 to    47.35)","3.37 (0.20 to    56.64)","4.27 (0.11 to   168.64)","2.44 (0.27 to    22.35)","2.29 (0.10 to    50.74)","1.91 (0.12 to    31.20)","1.67 (0.04 to    78.00)","1.67 (0.08 to    35.47)","1.65 (0.16 to    17.35)","1.67 (0.21 to    12.97)","1.44 (0.09 to    21.84)","1.33 (0.06 to    29.33)","1.14 (0.11 to    12.18)","Erlotinib + chemotherapy",".",".",".",".","."
"16.88 (0.25 to  1153.39)","21.21 (0.27 to  1677.11)","12.07 (0.13 to  1100.89)","9.10 (0.10 to   852.20)","6.73 (0.04 to  1105.40)","4.87 (0.07 to   336.41)","4.42 (0.09 to   223.67)","5.60 (0.04 to   828.37)","3.19 (0.06 to   182.52)","3.00 (0.12 to    74.06)","2.51 (0.05 to   123.73)","2.19 (0.04 to   111.55)","2.18 (0.02 to   209.15)","2.16 (0.03 to   133.37)","2.18 (0.04 to   114.42)","1.88 (0.04 to    88.80)","1.74 (0.03 to    87.88)","1.49 (0.03 to    78.13)","1.31 (0.02 to   113.22)","Almonertinib",".",".",".","."
"13.96 (1.59 to   122.88)","17.55 (0.47 to   652.53)","9.99 (0.78 to   128.33)","7.53 (0.17 to   342.91)","5.57 (0.17 to   182.38)","4.03 (0.53 to    30.41)","3.65 (0.81 to    16.57)","4.63 (0.16 to   130.03)","2.64 (0.54 to    12.93)","2.48 (0.32 to    19.53)","2.08 (0.32 to    13.31)","1.81 (0.08 to    39.02)","1.81 (0.13 to    25.28)","1.79 (0.30 to    10.54)","1.81 (0.47 to     6.97)","1.56 (0.42 to     5.80)","1.44 (0.20 to    10.60)","1.23 (0.32 to     4.79)","1.08 (0.09 to    12.64)","0.83 (0.02 to    37.45)","Placebo",".",".","."
"17.41 (1.77 to   171.53)","21.89 (0.45 to  1071.06)","12.45 (0.53 to   294.01)","9.39 (0.16 to   555.22)","6.95 (0.13 to   362.80)","5.03 (0.32 to    78.60)","4.56 (0.86 to    24.21)","5.78 (0.13 to   263.58)","3.29 (0.28 to    38.13)","3.10 (0.25 to    38.21)","2.59 (0.23 to    28.66)","2.26 (0.08 to    66.97)","2.25 (0.09 to    57.01)","2.23 (0.17 to    29.24)","2.25 (0.23 to    22.51)","1.94 (0.44 to     8.65)","1.79 (0.26 to    12.60)","1.54 (0.15 to    15.41)","1.35 (0.06 to    29.53)","1.03 (0.02 to    60.65)","1.25 (0.18 to     8.87)","Lazertinib + Amivantamab",".","."
"69.53 (0.94 to  5122.72)","87.40 (0.51 to 15040.03)","49.73 (0.81 to  3067.70)","37.49 (0.19 to  7454.94)","27.74 (0.24 to  3233.49)","20.08 (0.44 to   911.13)","18.20 (0.33 to   999.04)","23.06 (0.22 to  2404.67)","13.15 (0.36 to   483.65)","12.36 (0.18 to   828.46)","10.34 (0.19 to   555.42)","9.03 (0.08 to  1075.38)","9.00 (0.14 to   585.47)","8.90 (0.22 to   356.68)","9.00 (0.27 to   299.86)","7.77 (0.15 to   397.24)","7.16 (0.11 to   479.25)","6.13 (0.15 to   248.67)","5.40 (0.09 to   313.85)","4.12 (0.02 to   815.52)","4.98 (0.12 to   213.21)","3.99 (0.06 to   264.65)","Erlotinib + HGF inhibitor","."
"45.43 (3.84 to   537.52)","57.10 (0.98 to  3310.54)","32.49 (1.18 to   894.45)","24.49 (0.35 to  1703.20)","18.13 (0.31 to  1071.34)","13.12 (0.70 to   244.37)","11.89 (1.76 to    80.56)","15.07 (0.29 to   781.65)","8.59 (0.61 to   120.96)","8.08 (0.51 to   128.68)","6.76 (0.50 to    92.14)","5.90 (0.16 to   212.00)","5.88 (0.20 to   172.89)","5.82 (0.37 to    91.93)","5.88 (0.48 to    72.24)","5.07 (0.87 to    29.52)","4.68 (0.42 to    52.66)","4.00 (0.32 to    49.43)","3.53 (0.14 to    90.16)","2.69 (0.04 to   186.11)","3.25 (0.36 to    29.28)","2.61 (0.26 to    26.25)","0.65 (0.01 to    48.68)","Gefitinib/Erlotinib"
