"Gefitinib/Erlotinib",".",".",".",".",".",".",".","0.20 (0.03 to   1.15)",".",".",".",".",".",".",".",".",".",".",".",".",".",".","."
"1.53 (0.02 to   114.05)","Erlotinib + HGF inhibitor",".",".",".",".",".",".",".","0.11 (0.00 to   3.70)",".",".",".",".",".",".",".",".",".",".",".",".",".","."
"0.38 (0.04 to     3.86)","0.25 (0.00 to    16.60)","Lazertinib + Amivantamab",".",".",".",".","0.84 (0.11 to   6.43)","0.46 (0.10 to   2.06)",".",".",".",".",".",".",".",".",".",".",".",".",".",".","."
"0.31 (0.03 to     2.77)","0.20 (0.00 to     8.60)","0.80 (0.11 to     5.70)","Placebo",".",".","0.66 (0.10 to   4.24)",".","1.18 (0.28 to   5.05)","0.33 (0.05 to   2.04)",".",".",".",".","0.20 (0.01 to   4.26)",".",".",".",".",".",".",".",".","."
"0.37 (0.01 to    25.68)","0.24 (0.00 to    48.04)","0.97 (0.02 to    56.97)","1.21 (0.03 to    54.71)","Almonertinib",".",".",".",".",".",".",".",".",".","0.33 (0.01 to   8.23)",".",".",".",".",".",".",".",".","."
"0.28 (0.01 to     7.24)","0.19 (0.00 to    10.76)","0.74 (0.03 to    16.14)","0.92 (0.08 to    10.75)","0.76 (0.01 to    65.91)","Erlotinib + chemotherapy",".",".",".","0.60 (0.08 to   4.67)",".",".",".",".",".",".",".",".",".",".",".",".",".","."
"0.25 (0.02 to     3.08)","0.16 (0.00 to     6.62)","0.65 (0.06 to     6.54)","0.81 (0.21 to     3.16)","0.67 (0.01 to    35.30)","0.88 (0.08 to     9.45)","Afatinib",".",".","0.78 (0.19 to   3.18)",".",".",".","0.16 (0.01 to   3.87)",".",".",".",".",".",".",".",".",".","."
"0.21 (0.02 to     2.40)","0.14 (0.00 to     9.34)","0.56 (0.08 to     3.92)","0.70 (0.09 to     5.13)","0.58 (0.01 to    29.09)","0.75 (0.03 to    16.68)","0.86 (0.08 to     8.74)","Lazertinib","0.54 (0.09 to   3.33)",".",".",".",".",".","3.03 (0.12 to  74.85)",".",".",".",".",".",".",".",".","."
"0.20 (0.03 to     1.15)","0.13 (0.00 to     6.59)","0.51 (0.12 to     2.29)","0.64 (0.17 to     2.39)","0.53 (0.01 to    25.00)","0.70 (0.05 to    10.56)","0.79 (0.13 to     4.74)","0.92 (0.18 to     4.85)","Osimertinib",".",".",".",".","2.46 (0.12 to  51.58)",".",".",".","0.43 (0.20 to   0.90)",".",".",".",".",".","0.11 (0.02 to   0.63)"
"0.17 (0.01 to     2.09)","0.11 (0.00 to     3.70)","0.44 (0.04 to     4.43)","0.55 (0.14 to     2.13)","0.46 (0.01 to    23.98)","0.60 (0.08 to     4.67)","0.68 (0.21 to     2.24)","0.80 (0.08 to     8.09)","0.86 (0.14 to     5.15)","Erlotinib","1.01 (0.32 to   3.20)","1.00 (0.10 to   9.65)",".","0.36 (0.01 to   8.90)",".","0.68 (0.30 to   1.58)","0.39 (0.02 to   8.24)",".","0.45 (0.10 to   2.02)","0.32 (0.01 to   8.09)",".","0.18 (0.02 to   1.58)",".","."
"0.17 (0.01 to     2.72)","0.11 (0.00 to     4.50)","0.45 (0.03 to     5.88)","0.56 (0.09 to     3.30)","0.46 (0.01 to    28.58)","0.61 (0.06 to     6.39)","0.69 (0.13 to     3.61)","0.80 (0.06 to    10.72)","0.87 (0.10 to     7.31)","1.01 (0.32 to     3.20)","Erlotinib + MET inhibitor",".",".",".",".",".",".",".",".",".",".",".",".","."
"0.17 (0.01 to     5.00)","0.11 (0.00 to     7.23)","0.44 (0.02 to    11.22)","0.55 (0.04 to     7.74)","0.46 (0.00 to    43.83)","0.60 (0.03 to    12.77)","0.68 (0.05 to     8.82)","0.80 (0.03 to    20.38)","0.86 (0.05 to    15.47)","1.00 (0.10 to     9.65)","0.99 (0.08 to    12.58)","Dacomitinib",".",".",".",".",".",".",".",".",".",".",".","."
"0.17 (0.00 to     6.09)","0.11 (0.00 to    13.18)","0.44 (0.01 to    13.08)","0.55 (0.03 to    11.86)","0.46 (0.01 to    23.21)","0.60 (0.01 to    27.87)","0.68 (0.03 to    17.52)","0.79 (0.03 to    19.55)","0.86 (0.04 to    19.44)","1.00 (0.04 to    25.65)","0.99 (0.03 to    30.93)","1.00 (0.02 to    52.32)","Gefitinib + chemotherapy",".","0.73 (0.08 to   7.09)",".",".",".",".",".",".",".",".","."
"0.15 (0.01 to     2.02)","0.10 (0.00 to     5.19)","0.39 (0.03 to     4.27)","0.48 (0.08 to     3.09)","0.40 (0.01 to    19.64)","0.52 (0.03 to     8.51)","0.59 (0.09 to     3.94)","0.69 (0.06 to     7.49)","0.75 (0.11 to     5.17)","0.87 (0.13 to     5.77)","0.86 (0.09 to     7.88)","0.87 (0.05 to    16.67)","0.87 (0.04 to    20.88)","Chemotherapy","0.34 (0.01 to   8.44)",".",".",".",".",".",".",".",".","."
"0.12 (0.01 to     1.97)","0.08 (0.00 to     5.42)","0.32 (0.03 to     3.99)","0.40 (0.05 to     3.17)","0.33 (0.01 to     8.23)","0.44 (0.02 to     9.68)","0.50 (0.05 to     5.08)","0.58 (0.06 to     5.56)","0.63 (0.07 to     5.32)","0.73 (0.07 to     7.42)","0.72 (0.05 to     9.62)","0.73 (0.03 to    18.68)","0.73 (0.08 to     7.09)","0.84 (0.09 to     7.68)","Gefitinib",".",".",".",".",".","0.33 (0.01 to   8.20)",".","0.14 (0.01 to   2.76)","."
"0.12 (0.01 to     1.64)","0.08 (0.00 to     2.80)","0.30 (0.03 to     3.51)","0.38 (0.08 to     1.85)","0.31 (0.01 to    17.91)","0.41 (0.04 to     3.77)","0.47 (0.11 to     2.00)","0.54 (0.05 to     6.41)","0.59 (0.08 to     4.24)","0.68 (0.30 to     1.58)","0.68 (0.16 to     2.81)","0.68 (0.06 to     7.67)","0.69 (0.02 to    19.66)","0.79 (0.10 to     6.22)","0.94 (0.08 to    11.09)","Erlotinib + antiangiogenesis",".",".",".",".",".",".",".","."
"0.07 (0.00 to     3.44)","0.04 (0.00 to     4.52)","0.17 (0.00 to     7.90)","0.22 (0.01 to     6.06)","0.18 (0.00 to    26.43)","0.23 (0.01 to     9.24)","0.27 (0.01 to     7.02)","0.31 (0.01 to    14.32)","0.34 (0.01 to    11.54)","0.39 (0.02 to     8.24)","0.39 (0.01 to    10.06)","0.39 (0.01 to    17.44)","0.39 (0.00 to    33.72)","0.45 (0.01 to    16.22)","0.54 (0.01 to    24.76)","0.57 (0.02 to    13.48)","Erlotinib + HER3 inhibitor",".",".",".",".",".",".","."
"0.08 (0.01 to     0.57)","0.05 (0.00 to     3.02)","0.22 (0.04 to     1.16)","0.27 (0.06 to     1.24)","0.23 (0.00 to    11.46)","0.30 (0.02 to     4.98)","0.34 (0.05 to     2.35)","0.39 (0.06 to     2.43)","0.43 (0.20 to     0.90)","0.49 (0.07 to     3.43)","0.49 (0.05 to     4.66)","0.49 (0.03 to     9.75)","0.50 (0.02 to    12.26)","0.57 (0.07 to     4.50)","0.68 (0.07 to     6.53)","0.72 (0.09 to     5.96)","1.27 (0.03 to    46.96)","Osimertinib + chemotherapy",".",".",".",".",".","."
"0.08 (0.00 to     1.42)","0.05 (0.00 to     2.26)","0.20 (0.01 to     3.11)","0.25 (0.03 to     1.87)","0.21 (0.00 to    14.17)","0.27 (0.02 to     3.42)","0.31 (0.04 to     2.08)","0.36 (0.02 to     5.66)","0.39 (0.04 to     4.00)","0.45 (0.10 to     2.02)","0.44 (0.07 to     2.95)","0.45 (0.03 to     6.81)","0.45 (0.01 to    16.13)","0.52 (0.05 to     5.77)","0.62 (0.04 to     9.79)","0.66 (0.12 to     3.66)","1.15 (0.04 to    34.43)","0.91 (0.08 to    10.52)","Erlotinib + IGF-1R inhibitor",".",".",".",".","."
"0.06 (0.00 to     3.26)","0.04 (0.00 to     4.20)","0.14 (0.00 to     7.51)","0.18 (0.01 to     5.88)","0.15 (0.00 to    24.38)","0.19 (0.00 to     8.84)","0.22 (0.01 to     6.82)","0.26 (0.00 to    13.61)","0.28 (0.01 to    11.09)","0.32 (0.01 to     8.09)","0.32 (0.01 to     9.78)","0.32 (0.01 to    16.60)","0.33 (0.00 to    31.48)","0.37 (0.01 to    15.56)","0.45 (0.01 to    23.54)","0.47 (0.02 to    13.17)","0.83 (0.01 to    69.96)","0.66 (0.02 to    28.03)","0.72 (0.02 to    25.22)","Erlotinib + MMP inhibitor",".",".",".","."
"0.04 (0.00 to     2.84)","0.03 (0.00 to     5.30)","0.11 (0.00 to     6.30)","0.13 (0.00 to     6.05)","0.11 (0.00 to    10.29)","0.14 (0.00 to    12.51)","0.16 (0.00 to     8.64)","0.19 (0.00 to     9.72)","0.21 (0.00 to     9.82)","0.24 (0.00 to    12.65)","0.24 (0.00 to    14.74)","0.24 (0.00 to    23.11)","0.24 (0.00 to    12.34)","0.28 (0.01 to    13.68)","0.33 (0.01 to     8.20)","0.35 (0.01 to    20.18)","0.62 (0.00 to    91.48)","0.49 (0.01 to    24.73)","0.54 (0.01 to    37.18)","0.74 (0.00 to   122.06)","Gefitinib + PARP inhibitor",".",".","."
"0.03 (0.00 to     0.85)","0.02 (0.00 to     1.24)","0.08 (0.00 to     1.90)","0.10 (0.01 to     1.29)","0.08 (0.00 to     7.56)","0.11 (0.01 to     2.15)","0.12 (0.01 to     1.46)","0.14 (0.01 to     3.44)","0.16 (0.01 to     2.59)","0.18 (0.02 to     1.58)","0.18 (0.02 to     2.09)","0.18 (0.01 to     4.17)","0.18 (0.00 to     9.02)","0.21 (0.01 to     3.69)","0.25 (0.01 to     5.96)","0.26 (0.03 to     2.70)","0.46 (0.01 to    19.56)","0.37 (0.02 to     6.70)","0.40 (0.03 to     5.65)","0.56 (0.01 to    27.00)","0.75 (0.01 to    69.14)","Antiangiogenesis",".","."
"0.02 (0.00 to     1.02)","0.01 (0.00 to     1.97)","0.05 (0.00 to     2.24)","0.06 (0.00 to     2.12)","0.05 (0.00 to     3.73)","0.06 (0.00 to     4.52)","0.07 (0.00 to     3.05)","0.08 (0.00 to     3.42)","0.09 (0.00 to     3.45)","0.10 (0.00 to     4.46)","0.10 (0.00 to     5.25)","0.10 (0.00 to     8.38)","0.10 (0.00 to     4.35)","0.12 (0.00 to     4.81)","0.14 (0.01 to     2.76)","0.15 (0.00 to     7.15)","0.26 (0.00 to    33.67)","0.21 (0.00 to     8.71)","0.23 (0.00 to    13.30)","0.32 (0.00 to    45.07)","0.43 (0.01 to    34.10)","0.57 (0.01 to    44.01)","Icotinib","."
"0.02 (0.00 to     0.26)","0.01 (0.00 to     1.06)","0.06 (0.01 to     0.57)","0.07 (0.01 to     0.63)","0.06 (0.00 to     4.05)","0.08 (0.00 to     1.96)","0.09 (0.01 to     1.07)","0.10 (0.01 to     1.14)","0.11 (0.02 to     0.63)","0.13 (0.01 to     1.56)","0.13 (0.01 to     1.99)","0.13 (0.00 to     3.75)","0.13 (0.00 to     4.60)","0.15 (0.01 to     1.99)","0.18 (0.01 to     2.78)","0.19 (0.01 to     2.61)","0.33 (0.01 to    17.00)","0.26 (0.04 to     1.73)","0.29 (0.02 to     5.29)","0.40 (0.01 to    23.30)","0.54 (0.01 to    37.06)","0.72 (0.03 to    19.40)","1.26 (0.02 to    72.01)","Osimertinib + antiangiogenesis"
