"1st-generation EGFR TKIs + IGF-1R inhibitor(9mg/kg)",".",".",".",".",".",".",".",".",".",".",".",".",".",".",".","11.20 (0.60 to 207.51)",".",".",".",".",".","."
"1.68 (0.06 to   47.96)","3rd-generation EGFR TKIs + antiangiogenesis",".",".",".",".",".",".",".",".","4.20 (0.87 to  20.25)",".",".",".",".",".",".",".",".",".",".",".","."
"1.16 (0.02 to   73.14)","0.69 (0.02 to   20.05)","1st-generation EGFR TKIs + MMP inhibitor",".",".",".",".",".",".",".",".",".",".",".",".",".","9.65 (0.51 to 182.48)",".",".",".",".",".","."
"2.58 (0.13 to   53.03)","1.54 (0.25 to    9.49)","2.23 (0.11 to   46.60)","Antiangiogenesis",".",".",".",".",".",".",".",".",".",".",".",".","4.33 (1.99 to   9.45)",".",".",".",".",".","."
"3.04 (0.13 to   69.44)","1.81 (0.28 to   11.76)","2.62 (0.11 to   60.98)","1.18 (0.30 to    4.62)","3rd-generation EGFR TKIs + chemotherapy",".",".",".",".",".","2.32 (0.84 to   6.43)",".",".",".",".",".",".",".",".",".",".",".","."
"3.41 (0.13 to   89.66)","2.03 (0.22 to   18.43)","2.94 (0.11 to   78.68)","1.32 (0.25 to    6.98)","1.12 (0.18 to    7.15)","1st-generation EGFR TKIs + HER3 inhibitor(18mg/kg)",".",".",".",".",".",".",".",".",".",".","3.28 (0.75 to  14.30)",".",".",".",".",".","."
"4.55 (0.19 to  109.27)","2.70 (0.34 to   21.46)","3.92 (0.16 to   95.93)","1.76 (0.40 to    7.74)","1.50 (0.28 to    8.10)","1.33 (0.19 to    9.24)","Zorifertinib",".",".",".",".",".",".",".",".",".","2.46 (0.70 to   8.68)",".",".",".",".",".","."
"4.54 (0.16 to  132.26)","2.70 (0.26 to   28.51)","3.91 (0.13 to  115.99)","1.76 (0.27 to   11.28)","1.49 (0.20 to   11.36)","1.33 (0.14 to   12.49)","1.00 (0.12 to    8.20)","Rociletinib(625mg)",".",".",".",".",".",".",".",".","2.47 (0.46 to  13.37)",".",".",".",".",".","."
"3.69 (0.05 to  283.74)","2.20 (0.06 to   81.20)","3.18 (0.04 to  247.83)","1.43 (0.05 to   39.01)","1.21 (0.04 to   36.59)","1.08 (0.03 to   37.11)","0.81 (0.03 to   25.62)","0.81 (0.02 to   30.72)","1st-generation EGFR TKIs + PARP inhibitor",".",".",".",".",".",".",".","3.03 (0.12 to  75.44)",".",".",".",".",".","."
"5.71 (0.27 to  120.81)","3.39 (0.59 to   19.39)","4.92 (0.23 to  106.14)","2.21 (0.68 to    7.22)","1.88 (0.53 to    6.65)","1.67 (0.30 to    9.35)","1.25 (0.27 to    5.87)","1.26 (0.19 to    8.50)","1.55 (0.06 to   43.41)","3rd-generation EGFR TKIs + Amivantamab","1.24 (0.58 to   2.62)",".",".",".",".",".",".",".",".",".",".",".","."
"7.07 (0.37 to  136.17)","4.20 (0.87 to   20.25)","6.09 (0.31 to  119.71)","2.73 (1.09 to    6.83)","2.32 (0.84 to    6.43)","2.07 (0.44 to    9.74)","1.55 (0.40 to    5.98)","1.56 (0.27 to    9.02)","1.91 (0.07 to   49.33)","1.24 (0.58 to    2.62)","3rd-generation EGFR TKIs",".",".","1.68 (0.41 to   7.00)",".",".","1.80 (1.00 to   3.25)",".","1.22 (0.52 to   2.85)",".",".",".","."
"7.10 (0.34 to  146.84)","4.22 (0.68 to   26.32)","6.12 (0.29 to  129.04)","2.75 (0.89 to    8.44)","2.34 (0.59 to    9.30)","2.08 (0.39 to   11.15)","1.56 (0.35 to    6.97)","1.57 (0.24 to   10.18)","1.92 (0.07 to   52.87)","1.24 (0.38 to    4.13)","1.01 (0.39 to    2.56)","1st-generation EGFR TKIs + chemotherapy",".","1.03 (0.17 to   6.09)",".",".","1.75 (0.73 to   4.20)",".",".",".",".",".","."
"9.12 (0.47 to  175.71)","5.43 (0.98 to   30.08)","7.86 (0.40 to  154.48)","3.53 (1.42 to    8.80)","3.00 (0.88 to   10.19)","2.67 (0.57 to   12.56)","2.01 (0.52 to    7.71)","2.01 (0.35 to   11.63)","2.47 (0.10 to   63.66)","1.60 (0.58 to    4.40)","1.29 (0.66 to    2.54)","1.28 (0.50 to    3.28)","1st-generation EGFR TKIs + antiangiogenesis",".",".",".","1.23 (0.76 to   1.98)",".",".",".",".",".","."
"9.63 (0.50 to  185.88)","5.73 (1.05 to   31.34)","8.30 (0.42 to  163.42)","3.73 (1.49 to    9.35)","3.17 (0.95 to   10.56)","2.82 (0.60 to   13.31)","2.12 (0.55 to    8.18)","2.12 (0.37 to   12.32)","2.61 (0.10 to   67.33)","1.69 (0.63 to    4.54)","1.36 (0.72 to    2.60)","1.36 (0.55 to    3.33)","1.06 (0.53 to    2.09)","Chemotherapy",".",".","1.09 (0.62 to   1.92)",".",".",".","2.70 (0.57 to  12.69)",".","."
"9.81 (0.45 to  214.44)","5.84 (0.85 to   39.92)","8.45 (0.38 to  188.38)","3.80 (1.07 to   13.44)","3.23 (0.72 to   14.51)","2.88 (0.49 to   17.00)","2.16 (0.43 to   10.74)","2.16 (0.30 to   15.37)","2.66 (0.09 to   76.85)","1.72 (0.45 to    6.55)","1.39 (0.46 to    4.20)","1.38 (0.38 to    4.98)","1.08 (0.36 to    3.24)","1.02 (0.34 to    3.09)","1st-generation EGFR TKIs + IGF-1R inhibitor",".","1.14 (0.42 to   3.09)",".",".",".",".",".","."
"12.60 (0.30 to  524.13)","7.49 (0.44 to  127.93)","10.85 (0.26 to  458.86)","4.88 (0.42 to   56.27)","4.15 (0.32 to   54.24)","3.69 (0.24 to   57.55)","2.77 (0.20 to   38.76)","2.78 (0.16 to   48.92)","3.41 (0.06 to  179.52)","2.21 (0.19 to   26.31)","1.78 (0.17 to   18.92)","1.77 (0.15 to   20.64)","1.38 (0.13 to   14.73)","1.31 (0.12 to   13.89)","1.28 (0.10 to   16.01)","2nd-generation EGFR TKIs + Cetuximab",".",".",".",".","1.02 (0.10 to  10.05)",".","."
"11.20 (0.60 to  207.51)","6.66 (1.29 to   34.51)","9.65 (0.51 to  182.48)","4.33 (1.99 to    9.45)","3.68 (1.20 to   11.36)","3.28 (0.75 to   14.30)","2.46 (0.70 to    8.68)","2.47 (0.46 to   13.37)","3.03 (0.12 to   75.44)","1.96 (0.80 to    4.79)","1.59 (0.98 to    2.57)","1.58 (0.70 to    3.54)","1.23 (0.76 to    1.98)","1.16 (0.71 to    1.90)","1.14 (0.42 to    3.09)","0.89 (0.09 to    9.03)","1st-generation EGFR TKIs","1.25 (0.30 to   5.18)","1.25 (0.66 to   2.37)","1.15 (0.63 to   2.11)","1.11 (0.71 to   1.75)","3.11 (0.12 to  78.18)","."
"13.96 (0.54 to  359.45)","8.30 (0.94 to   73.17)","12.02 (0.46 to  315.44)","5.40 (1.06 to   27.41)","4.59 (0.75 to   28.23)","4.09 (0.53 to   31.73)","3.07 (0.46 to   20.56)","3.08 (0.34 to   28.05)","3.78 (0.11 to  127.14)","2.45 (0.46 to   13.14)","1.98 (0.44 to    8.89)","1.97 (0.38 to   10.12)","1.53 (0.34 to    6.88)","1.45 (0.32 to    6.54)","1.42 (0.25 to    8.09)","1.11 (0.07 to   16.84)","1.25 (0.30 to    5.18)","DHFR inhibitor",".",".",".",".","."
"12.11 (0.63 to  232.87)","7.20 (1.35 to   38.32)","10.43 (0.53 to  204.74)","4.68 (1.89 to   11.64)","3.98 (1.24 to   12.76)","3.55 (0.76 to   16.63)","2.66 (0.69 to   10.21)","2.67 (0.46 to   15.41)","3.28 (0.13 to   84.38)","2.12 (0.83 to    5.44)","1.71 (0.97 to    3.02)","1.70 (0.67 to    4.33)","1.33 (0.68 to    2.59)","1.26 (0.65 to    2.43)","1.23 (0.41 to    3.71)","0.96 (0.09 to   10.03)","1.08 (0.68 to    1.73)","0.87 (0.19 to    3.89)","Placebo",".","0.98 (0.42 to   2.32)",".","."
"12.93 (0.66 to  254.88)","7.69 (1.33 to   44.36)","11.14 (0.55 to  224.05)","5.00 (1.87 to   13.41)","4.25 (1.19 to   15.26)","3.79 (0.77 to   18.60)","2.84 (0.70 to   11.49)","2.85 (0.47 to   17.14)","3.50 (0.13 to   92.15)","2.27 (0.77 to    6.66)","1.83 (0.85 to    3.96)","1.82 (0.66 to    5.00)","1.42 (0.66 to    3.06)","1.34 (0.62 to    2.92)","1.32 (0.41 to    4.22)","1.03 (0.09 to   11.26)","1.15 (0.63 to    2.11)","0.93 (0.20 to    4.36)","1.07 (0.50 to    2.30)","1st-generation EGFR TKIs + MET inhibitor",".",".","."
"12.91 (0.68 to  245.79)","7.68 (1.42 to   41.36)","11.12 (0.57 to  216.11)","4.99 (2.08 to   12.00)","4.25 (1.30 to   13.85)","3.78 (0.82 to   17.39)","2.84 (0.76 to   10.64)","2.85 (0.50 to   16.15)","3.50 (0.14 to   89.14)","2.26 (0.86 to    5.92)","1.83 (1.00 to    3.34)","1.82 (0.74 to    4.46)","1.41 (0.76 to    2.64)","1.34 (0.73 to    2.45)","1.32 (0.45 to    3.85)","1.02 (0.10 to   10.05)","1.15 (0.77 to    1.72)","0.92 (0.21 to    4.07)","1.07 (0.62 to    1.83)","1.00 (0.48 to    2.06)","2nd-generation EGFR TKIs",".","3.48 (0.14 to  88.40)"
"34.89 (0.45 to 2698.58)","20.74 (0.56 to  773.33)","30.05 (0.38 to 2357.00)","13.50 (0.49 to  371.77)","11.48 (0.38 to  348.64)","10.23 (0.30 to  353.47)","7.67 (0.24 to  244.08)","7.69 (0.20 to  292.54)","9.45 (0.10 to  895.22)","6.11 (0.22 to  173.19)","4.94 (0.19 to  128.46)","4.91 (0.18 to  136.23)","3.82 (0.15 to   99.41)","3.62 (0.14 to   94.32)","3.55 (0.12 to  103.70)","2.77 (0.05 to  146.69)","3.11 (0.12 to   78.18)","2.50 (0.07 to   84.77)","2.88 (0.11 to   74.85)","2.70 (0.10 to   71.62)","2.70 (0.11 to   69.55)","1st-generation EGFR TKIs + COX2 inhibitor","."
"44.88 (0.56 to 3570.01)","26.68 (0.70 to 1024.52)","38.65 (0.48 to 3117.85)","17.36 (0.61 to  496.09)","14.76 (0.47 to  462.69)","13.15 (0.37 to  470.57)","9.87 (0.30 to  325.22)","9.89 (0.25 to  389.12)","12.15 (0.12 to 1182.84)","7.86 (0.27 to  229.99)","6.35 (0.24 to  170.73)","6.32 (0.22 to  181.60)","4.92 (0.18 to  132.74)","4.66 (0.17 to  125.27)","4.57 (0.15 to  138.29)","3.56 (0.07 to  186.85)","4.01 (0.15 to  104.43)","3.21 (0.09 to  112.88)","3.71 (0.14 to   98.55)","3.47 (0.13 to   95.61)","3.48 (0.14 to   88.40)","1.29 (0.01 to  126.03)","2nd-generation EGFR TKIs + HMGCR inhibitor"
